game_id,home_team,away_team,went_ot,total_toi,home_goals,away_goals,home_xg,away_xg,home_shots,away_shots,home_win,goal_diff
game_1,thailand,pakistan,0,3599.9900000000002,1,3,2.8230999999999997,2.7516,21,24,0,-2
game_10,switzerland,kazakhstan,0,3600.01,4,3,1.9254,3.3189,20,30,1,1
game_100,serbia,rwanda,0,3600.0,4,5,3.6712,3.024,30,27,0,-1
game_1000,brazil,netherlands,0,3600.03,5,0,3.5905,2.5261,32,27,1,5
game_1001,india,morocco,0,3599.99,2,3,3.4592,3.7658000000000005,32,29,0,-1
game_1002,peru,saudi_arabia,1,5676.92,0,1,3.3131,2.5685000000000002,35,23,0,-1
game_1003,china,pakistan,0,3600.01,4,3,2.1864,3.3309,20,34,1,1
game_1004,switzerland,uk,0,3600.0,1,4,1.5251,2.7155,18,26,0,-3
game_1005,serbia,philippines,0,3599.99,2,1,2.4898,2.4407,24,27,1,1
game_1006,germany,canada,0,3600.02,5,1,3.1746,2.1493,29,19,1,4
game_1007,guatemala,ethiopia,0,3600.01,4,2,3.1553,1.7116,31,21,1,2
game_1008,south_korea,oman,0,3599.98,4,2,3.2679,1.873,30,18,1,2
game_1009,mongolia,new_zealand,0,3599.98,2,7,2.4405,3.4256,26,30,0,-5
game_101,canada,panama,0,3600.0,2,4,2.8035,2.3543,24,22,0,-2
game_1010,netherlands,iceland,0,3599.99,0,4,2.2677,2.0596,19,20,0,-4
game_1011,indonesia,uae,0,3599.99,2,1,2.3026999999999997,1.7261,27,15,1,1
game_1012,mexico,usa,0,3599.98,4,3,3.8837,2.001,32,18,1,1
game_1013,panama,rwanda,0,3600.0,5,1,3.5503,2.2175,25,24,1,4
game_1014,kazakhstan,france,0,3599.99,1,6,1.4778,3.4081,15,29,0,-5
game_1015,brazil,singapore,1,3875.59,5,4,5.3765,3.3193,39,37,1,1
game_1016,thailand,vietnam,0,3599.98,3,1,3.1693000000000002,2.8072,23,30,1,2
game_1017,thailand,switzerland,0,3599.9900000000002,5,0,4.5169999999999995,0.8815,35,12,1,5
game_1018,ethiopia,france,0,3600.01,3,6,3.271,3.024,30,28,0,-3
game_1019,rwanda,germany,0,3599.9900000000002,2,1,2.6954,2.5322999999999998,23,20,1,1
game_102,switzerland,ethiopia,1,4831.56,4,3,4.0929,3.1363,41,31,1,1
game_1020,canada,saudi_arabia,0,3600.0,5,3,1.8603,2.2325,19,23,1,2
game_1021,philippines,kazakhstan,1,4449.4,1,0,1.5471,2.3172,17,29,1,1
game_1022,netherlands,india,0,3600.01,2,3,4.0264,2.2817,34,28,0,-1
game_1023,iceland,uk,0,3600.01,1,4,2.8753,3.1719,25,30,0,-3
game_1024,uae,new_zealand,0,3600.0,2,5,2.3761,4.9233,21,38,0,-3
game_1025,vietnam,peru,1,4208.3,2,3,4.3044,2.7586,42,26,0,-1
game_1026,serbia,china,0,3600.01,1,7,3.098,3.3221999999999996,28,30,0,-6
game_1027,mexico,guatemala,0,3600.0,2,6,2.5339,2.3632,24,25,0,-4
game_1028,indonesia,mongolia,0,3600.01,5,1,3.4311000000000003,0.9396,29,12,1,4
game_1029,morocco,singapore,0,3600.01,5,2,3.2949,3.212,30,32,1,3
game_103,uae,morocco,0,3599.98,0,7,2.2586,4.6517,26,41,0,-7
game_1030,panama,pakistan,0,3600.02,2,3,3.1242,2.8035,26,26,0,-1
game_1031,brazil,usa,0,3599.9700000000003,2,1,1.9207,3.8882,15,33,1,1
game_1032,ethiopia,saudi_arabia,0,3599.9900000000002,2,3,2.8853,3.6744,27,35,0,-1
game_1033,serbia,oman,0,3599.98,3,2,4.5167,2.7824,35,26,1,1
game_1034,uk,usa,0,3600.0099999999998,2,1,3.8018,2.9006,30,25,1,1
game_1035,south_korea,kazakhstan,0,3600.0,7,2,2.8254,2.8966,26,24,1,5
game_1036,mongolia,morocco,1,3819.41,4,5,2.7336,3.0033,33,27,0,-1
game_1037,iceland,netherlands,0,3599.9900000000002,0,3,1.1889,2.4712,14,26,0,-3
game_1038,guatemala,canada,0,3600.02,4,0,2.9812,2.3840000000000003,25,27,1,4
game_1039,germany,vietnam,0,3600.01,6,1,3.8338,1.5686,27,13,1,5
game_104,france,saudi_arabia,0,3599.99,4,3,2.8418,3.2648,26,29,1,1
game_1040,singapore,thailand,0,3600.0,5,6,3.4866,3.9502,33,34,0,-1
game_1041,france,pakistan,1,3763.73,3,4,2.581,4.1845,22,36,0,-1
game_1042,china,peru,1,4026.06,4,5,2.1611,3.614,21,39,0,-1
game_1043,philippines,uae,1,4082.08,3,4,3.0446999999999997,2.3407,27,26,0,-1
game_1044,brazil,mexico,0,3600.0,4,3,2.8258,2.5998,26,25,1,1
game_1045,rwanda,panama,1,3616.8,2,3,1.97,3.6779,20,30,0,-1
game_1046,switzerland,india,0,3600.0,1,2,2.6419,1.2089,28,14,0,-1
game_1047,thailand,brazil,0,3599.9900000000002,1,2,3.2779000000000003,2.1804,24,21,0,-1
game_1048,mexico,france,0,3600.0,2,3,3.4847,2.3984,31,22,0,-1
game_1049,uk,saudi_arabia,0,3600.01,3,0,2.8485,2.0118,24,19,1,3
game_105,south_korea,mexico,0,3600.0099999999998,4,3,4.1558,2.5492,38,25,1,1
game_1050,oman,indonesia,0,3599.9900000000002,3,1,3.3428,2.135,24,22,1,2
game_1051,peru,germany,0,3599.99,4,5,3.8488,2.1281,31,21,0,-1
game_1052,new_zealand,guatemala,0,3599.99,1,4,2.9713,3.7987,31,34,0,-3
game_1053,rwanda,mongolia,0,3599.9900000000002,1,4,2.0728,1.8954,19,20,0,-3
game_1054,serbia,ethiopia,0,3600.0,1,4,3.9392,4.1826,34,37,0,-3
game_1055,uae,china,1,4544.66,4,5,4.2933,3.1698,35,30,0,-1
game_1056,usa,netherlands,1,4543.36,4,5,3.7184,2.2978,34,22,0,-1
game_1057,pakistan,kazakhstan,0,3600.0,3,0,3.1125,1.8738,25,16,1,3
game_1058,switzerland,canada,0,3600.0099999999998,5,1,2.6583,2.5002,25,24,1,4
game_1059,singapore,south_korea,1,4772.69,5,4,3.9369000000000005,2.8919,32,29,1,1
game_106,new_zealand,kazakhstan,0,3600.0,2,1,2.5737,3.2426,20,23,1,1
game_1060,vietnam,panama,0,3600.0099999999998,5,2,3.1986,2.6370999999999998,28,21,1,3
game_1061,morocco,philippines,0,3599.99,4,2,3.7589,2.4274,34,26,1,2
game_1062,rwanda,singapore,0,3599.99,0,3,2.8026999999999997,2.9652,28,28,0,-3
game_1063,serbia,saudi_arabia,0,3599.98,5,4,2.7532,3.9424999999999994,26,29,1,1
game_1064,morocco,china,1,3884.57,3,2,2.3294,2.8881,23,29,1,1
game_1065,panama,brazil,0,3600.0099999999998,0,6,1.4819,3.6864999999999997,18,31,0,-6
game_1066,thailand,ethiopia,0,3600.02,1,5,3.2164,2.3859,25,27,0,-4
game_1067,south_korea,india,0,3600.0,3,7,2.6878,3.3395,24,27,0,-4
game_1068,mongolia,pakistan,0,3600.0099999999998,2,1,3.4268,3.424,30,30,1,1
game_1069,usa,canada,1,3834.44,6,5,2.7803,3.405,25,31,1,1
game_107,iceland,netherlands,1,3667.57,2,1,2.0438,3.5524,19,30,1,1
game_1070,oman,uk,1,3764.65,4,5,2.8284,3.6975000000000002,25,30,0,-1
game_1071,vietnam,mexico,0,3599.98,3,4,2.586,2.659,26,24,0,-1
game_1072,switzerland,indonesia,1,3659.71,3,4,2.7903,2.2699000000000003,24,25,0,-1
game_1073,iceland,germany,0,3599.98,4,2,3.5351,2.3199,29,24,1,2
game_1074,netherlands,kazakhstan,0,3600.0,4,1,3.7105,1.6947,28,19,1,3
game_1075,peru,new_zealand,0,3599.99,6,1,2.8979,1.1537,21,13,1,5
game_1076,uae,france,0,3600.02,4,2,2.5077,2.0765000000000002,21,19,1,2
game_1077,philippines,guatemala,0,3599.98,1,2,2.8295,2.183,29,25,0,-1
game_1078,kazakhstan,morocco,0,3599.98,3,1,2.9099000000000004,1.6551,31,15,1,2
game_1079,iceland,oman,0,3600.01,2,3,3.58,4.5594,32,40,0,-1
game_108,uk,brazil,0,3599.98,1,2,2.5934,2.9992,22,24,0,-1
game_1080,netherlands,rwanda,0,3600.01,4,0,4.4027,1.9603,28,23,1,4
game_1081,india,singapore,0,3600.02,0,3,3.5939,2.4287,33,24,0,-3
game_1082,china,ethiopia,1,3605.27,6,5,5.426,2.8539,49,29,1,1
game_1083,mexico,philippines,1,4314.44,2,1,4.785299999999999,1.6051,36,19,1,1
game_1084,pakistan,peru,0,3600.03,2,0,2.9154,2.1021,24,20,1,2
game_1085,south_korea,mongolia,0,3600.02,5,1,3.8981,1.449,36,19,1,4
game_1086,serbia,saudi_arabia,0,3600.0099999999998,3,2,3.5433999999999997,2.1169000000000002,29,22,1,1
game_1087,switzerland,guatemala,0,3599.99,6,1,1.9166,2.4302,26,25,1,5
game_1088,panama,canada,0,3599.9900000000002,11,3,3.898,2.7763,31,27,1,8
game_1089,new_zealand,usa,1,4413.6900000000005,4,3,5.7272,3.0822,43,23,1,1
game_109,south_korea,rwanda,0,3600.0,4,5,4.6931,3.3729999999999998,38,31,0,-1
game_1090,vietnam,uk,0,3600.0,1,0,2.3862,3.0049,20,23,1,1
game_1091,france,indonesia,0,3599.99,6,3,4.4845999999999995,2.7976,35,25,1,3
game_1092,brazil,thailand,0,3600.01,4,1,3.4282,2.2822,27,22,1,3
game_1093,uae,germany,0,3600.0,3,2,2.7509,2.2137000000000002,21,23,1,1
game_1094,france,peru,1,4210.79,2,3,2.2032,2.2652,22,21,0,-1
game_1095,iceland,brazil,0,3600.01,0,2,1.7643,1.9794,20,16,0,-2
game_1096,india,new_zealand,0,3599.9900000000002,2,0,2.1896,2.6035,20,25,1,2
game_1097,singapore,netherlands,0,3600.0,5,1,4.1082,2.3211,33,22,1,4
game_1098,china,oman,0,3600.02,7,3,5.2954,3.0055,35,28,1,4
game_1099,saudi_arabia,canada,0,3599.99,6,1,4.0597,1.4864,35,16,1,5
game_11,panama,canada,0,3600.0,5,1,2.5171,2.2664,23,22,1,4
game_110,switzerland,morocco,0,3600.0299999999997,4,5,3.4514,3.0471,32,29,0,-1
game_1100,mongolia,serbia,0,3600.01,2,5,2.3367,4.8365,30,38,0,-3
game_1101,indonesia,uk,0,3600.0,3,2,3.0058,3.0455,31,20,1,1
game_1102,philippines,guatemala,0,3600.0,2,1,3.9114,2.6304,38,27,1,1
game_1103,kazakhstan,ethiopia,1,3614.21,3,4,2.3397,3.4691,24,24,0,-1
game_1104,mexico,pakistan,1,3841.46,5,4,4.2736,3.2857,40,27,1,1
game_1105,usa,uae,0,3600.0,6,0,3.4735,1.8276000000000001,36,21,1,6
game_1106,panama,south_korea,1,3751.88,2,3,1.627,3.9055999999999997,15,36,0,-1
game_1107,morocco,thailand,0,3600.01,4,3,2.146,3.6079,25,33,1,1
game_1108,vietnam,germany,1,3913.09,5,4,3.8718,4.5083,29,38,1,1
game_1109,rwanda,switzerland,0,3600.0299999999997,3,4,3.4766,2.5827,25,23,0,-1
game_111,oman,china,0,3600.0099999999998,2,6,3.1386,3.9592,31,31,0,-4
game_1110,thailand,saudi_arabia,0,3599.9900000000002,4,3,4.4671,2.7911,32,26,1,1
game_1111,china,germany,0,3600.0,5,2,4.3488,2.1197,30,24,1,3
game_1112,morocco,kazakhstan,0,3599.9900000000002,3,1,1.8859000000000001,2.7004,19,27,1,2
game_1113,pakistan,south_korea,0,3599.98,7,5,2.7595,3.7171,25,35,1,2
game_1114,rwanda,mongolia,1,4067.99,2,3,3.5153,1.6195,30,20,0,-1
game_1115,vietnam,serbia,0,3600.03,2,3,2.3965,3.7512,20,31,0,-1
game_1116,philippines,ethiopia,0,3599.9900000000002,1,3,4.2117,1.8972,37,18,0,-2
game_1117,new_zealand,brazil,0,3599.98,4,3,2.8779000000000003,4.2258,33,31,1,1
game_1118,oman,switzerland,0,3600.01,1,2,1.4752,2.7172,15,26,0,-1
game_1119,india,france,0,3599.99,4,0,3.374,1.8119,33,19,1,4
game_112,ethiopia,serbia,0,3600.0,1,4,2.4629000000000003,3.5258000000000003,28,36,0,-3
game_1120,usa,peru,0,3600.0,4,1,2.6696,2.7429,27,26,1,3
game_1121,panama,mexico,0,3599.99,1,5,2.0311,4.3542000000000005,22,29,0,-4
game_1122,indonesia,singapore,0,3600.0,3,2,4.1575999999999995,2.9683,38,27,1,1
game_1123,uae,iceland,1,3739.0299999999997,2,3,2.6949,2.438,27,26,0,-1
game_1124,netherlands,guatemala,0,3599.99,8,1,4.015499999999999,2.7983000000000002,38,24,1,7
game_1125,canada,uk,0,3599.98,3,2,2.6644,2.819,25,24,1,1
game_1126,india,thailand,0,3600.02,3,1,2.5825,2.7753,27,25,1,2
game_1127,germany,morocco,0,3600.0,3,4,3.6186000000000003,2.9495999999999998,30,27,0,-1
game_1128,saudi_arabia,philippines,1,3727.68,2,3,2.4697,2.5324,25,26,0,-1
game_1129,ethiopia,brazil,0,3600.02,3,2,2.4153,2.2243,26,19,1,1
game_113,saudi_arabia,iceland,0,3600.01,1,2,2.751,2.0599,22,22,0,-1
game_1130,france,uae,1,4196.82,2,3,5.1282000000000005,1.9399,39,19,0,-1
game_1131,indonesia,guatemala,0,3600.02,3,4,1.9552,2.9086000000000003,21,28,0,-1
game_1132,oman,rwanda,0,3600.0099999999998,2,1,2.8761,2.5289,22,24,1,1
game_1133,kazakhstan,uk,0,3600.0,3,2,1.9913,3.6706,18,27,1,1
game_1134,usa,netherlands,1,3906.8599999999997,2,3,2.9846,2.6827,30,22,0,-1
game_1135,pakistan,serbia,0,3599.99,5,1,3.8878,2.2580999999999998,36,19,1,4
game_1136,vietnam,panama,0,3600.01,2,1,3.5886,3.1555,30,25,1,1
game_1137,peru,south_korea,0,3599.99,1,2,2.5262000000000002,2.5174,21,29,0,-1
game_1138,mongolia,mexico,0,3600.0,4,0,3.6221,2.4494,26,25,1,4
game_1139,china,iceland,0,3600.0099999999998,2,4,2.8613,2.991,26,28,0,-2
game_114,india,peru,0,3600.0,2,0,2.17,1.3413,21,15,1,2
game_1140,canada,new_zealand,1,4291.91,3,2,4.7623999999999995,3.0146,36,32,1,1
game_1141,mexico,thailand,0,3600.0,3,4,3.1353999999999997,2.4192,30,22,0,-1
game_1142,netherlands,pakistan,0,3600.0099999999998,2,1,2.9462,1.9079,23,20,1,1
game_1143,rwanda,iceland,0,3600.01,4,3,2.4326,2.1768,24,18,1,1
game_1144,ethiopia,panama,0,3600.01,1,4,2.9519,3.4752,29,34,0,-3
game_1145,serbia,switzerland,0,3600.0,1,5,2.213,3.5692,17,41,0,-4
game_1146,saudi_arabia,vietnam,1,3642.75,4,3,3.9318000000000004,1.2534,28,15,1,1
game_1147,mongolia,oman,0,3599.99,7,5,3.6458,3.1969000000000003,32,30,1,2
game_1148,canada,uae,1,4838.11,4,5,3.3057,3.9328,36,31,0,-1
game_1149,france,peru,0,3599.99,2,8,3.3144,3.3445,27,32,0,-6
game_115,pakistan,mexico,0,3600.02,1,0,3.4947,3.4216,30,28,1,1
game_1150,uk,india,0,3600.0099999999998,1,4,2.9208,2.1167000000000002,25,20,0,-3
game_1151,kazakhstan,singapore,1,4437.29,3,2,3.7367000000000004,2.4182,34,22,1,1
game_1152,morocco,germany,0,3600.01,4,2,3.5156,2.6856,30,25,1,2
game_1153,china,philippines,0,3600.01,3,1,2.9532,2.3764,25,26,1,2
game_1154,new_zealand,indonesia,0,3600.0,2,3,3.7248,2.5194,34,24,0,-1
game_1155,brazil,south_korea,1,4592.66,5,4,4.7269000000000005,2.829,41,31,1,1
game_1156,uae,new_zealand,0,3599.9900000000002,1,5,0.888,1.7174,8,19,0,-4
game_1157,oman,saudi_arabia,0,3599.9900000000002,4,3,3.3019,3.4792,29,25,1,1
game_1158,rwanda,uk,1,3661.9,3,2,2.8126,3.1551,23,28,1,1
game_1159,thailand,indonesia,1,4315.36,3,2,3.9622,2.1705,29,21,1,1
game_116,guatemala,philippines,0,3600.01,4,2,3.6717999999999997,2.4827000000000004,31,25,1,2
game_1160,pakistan,south_korea,1,3604.03,3,2,3.451,2.3808,26,23,1,1
game_1161,mongolia,germany,1,5080.84,3,2,4.759,3.2118,43,26,1,1
game_1162,serbia,singapore,0,3600.0,8,2,4.7858,1.69,37,20,1,6
game_1163,mexico,morocco,0,3600.02,4,2,2.2455,2.1913,27,23,1,2
game_1164,india,switzerland,0,3600.02,5,0,2.716,1.5854,31,18,1,5
game_1165,ethiopia,guatemala,0,3600.0,4,6,3.4528,3.6351999999999998,37,33,0,-2
game_1166,netherlands,kazakhstan,1,4387.64,4,3,3.7712000000000003,2.7457,32,25,1,1
game_1167,china,panama,0,3600.0099999999998,2,1,3.3895,2.8231,29,22,1,1
game_1168,iceland,france,0,3600.0,4,0,3.4578,3.1283,28,26,1,4
game_1169,philippines,usa,0,3599.99,0,6,2.7680000000000002,2.3726,28,23,0,-6
game_117,panama,mongolia,0,3600.01,4,2,3.0484,2.3748,25,25,1,2
game_1170,brazil,vietnam,0,3599.98,7,0,3.6633,1.2838,26,17,1,7
game_1171,canada,peru,0,3600.0099999999998,5,3,3.2756,3.2581,27,31,1,2
game_1172,panama,guatemala,1,3650.4,3,2,3.8168,2.2099,39,24,1,1
game_1173,uae,south_korea,1,4642.82,3,4,3.2647000000000004,3.1823,28,38,0,-1
game_1174,peru,morocco,1,3955.0099999999998,3,4,2.3283,2.8256,28,31,0,-1
game_1175,switzerland,thailand,0,3599.99,1,4,1.3855,4.3579,18,38,0,-3
game_1176,mongolia,saudi_arabia,0,3600.0,2,1,1.8262,3.2551,21,28,1,1
game_1177,ethiopia,usa,0,3599.9900000000002,5,3,2.1894,2.3498,20,22,1,2
game_1178,pakistan,rwanda,0,3599.97,2,3,3.2155,2.4511000000000003,24,18,0,-1
game_1179,china,iceland,0,3599.98,0,1,3.2892,1.4912999999999998,27,17,0,-1
game_118,uk,canada,1,4058.98,3,4,2.6863,3.8437,23,32,0,-1
game_1180,indonesia,serbia,0,3600.03,3,2,2.6808,3.6146,24,31,1,1
game_1181,south_korea,canada,0,3600.02,6,3,2.6339,2.8686000000000003,26,26,1,3
game_1182,germany,mexico,0,3600.0,2,4,2.5494,2.6141,20,21,0,-2
game_1183,kazakhstan,oman,0,3600.0,3,4,3.5334,3.2925,30,27,0,-1
game_1184,panama,uae,0,3599.97,4,3,3.0124,1.7227999999999999,26,17,1,1
game_1185,france,netherlands,0,3600.02,1,2,2.907,2.8339,24,27,0,-1
game_1186,singapore,guatemala,1,3902.75,2,3,2.5205,2.9383,26,25,0,-1
game_1187,uk,new_zealand,0,3600.02,2,4,3.3335,3.5099,22,28,0,-2
game_1188,brazil,india,0,3600.0,7,2,4.4638,2.1889,33,29,1,5
game_1189,vietnam,philippines,0,3599.99,3,2,3.5345,1.8243,27,16,1,1
game_119,kazakhstan,new_zealand,0,3600.0,6,9,2.8767,3.0986000000000002,26,30,0,-3
game_1190,vietnam,india,0,3600.0,2,3,3.9976000000000003,2.7079,34,24,0,-1
game_1191,brazil,morocco,0,3600.02,5,2,2.6833,1.8627,24,23,1,3
game_1192,china,usa,0,3600.03,5,1,3.9074,2.7102,31,24,1,4
game_1193,iceland,guatemala,0,3600.0,7,4,3.1444,2.9771,36,28,1,3
game_1194,serbia,new_zealand,0,3599.99,1,4,2.1085,3.1565,19,31,0,-3
game_1195,south_korea,pakistan,0,3600.02,5,4,3.7972,3.5792,29,29,1,1
game_1196,saudi_arabia,mongolia,0,3599.9900000000002,2,0,3.6502,1.5601,29,20,1,2
game_1197,mexico,germany,1,3790.94,2,3,2.5044,3.4337999999999997,19,31,0,-1
game_1198,rwanda,netherlands,0,3600.02,5,1,2.9448,2.3952999999999998,28,19,1,4
game_1199,uk,singapore,1,3714.37,5,6,3.9566,5.7766,33,42,0,-1
game_12,philippines,south_korea,0,3600.01,2,1,2.1502,3.8327999999999998,19,34,1,1
game_120,indonesia,netherlands,0,3600.01,3,2,2.0773,2.092,21,20,1,1
game_1200,panama,thailand,1,4024.07,2,1,3.2182,2.8923,27,21,1,1
game_1201,indonesia,switzerland,0,3600.0,2,4,3.1342999999999996,2.2889999999999997,29,25,0,-2
game_1202,canada,france,0,3599.99,2,1,2.9177999999999997,2.0549999999999997,26,19,1,1
game_1203,philippines,oman,0,3600.02,2,4,3.113,1.8054000000000001,28,19,0,-2
game_1204,peru,kazakhstan,0,3599.9900000000002,1,2,2.0454,2.8929,18,24,0,-1
game_1205,uae,ethiopia,1,4053.1600000000003,5,4,4.3243,1.8041,36,20,1,1
game_1206,canada,thailand,0,3600.0,3,1,2.6348000000000003,3.2997,23,28,1,2
game_1207,germany,pakistan,0,3600.0,5,6,3.8824000000000005,3.7237999999999998,26,33,0,-1
game_1208,china,saudi_arabia,1,5996.81,0,1,3.5344,3.6847,32,38,0,-1
game_1209,morocco,switzerland,0,3599.98,7,1,3.3883,2.0261,33,29,1,6
game_121,vietnam,germany,0,3599.98,0,5,2.0944000000000003,3.7018999999999997,19,28,0,-5
game_1210,south_korea,new_zealand,0,3600.0,1,2,3.2166,2.6258,30,20,0,-1
game_1211,peru,rwanda,0,3600.01,4,0,3.3933999999999997,1.6512,27,17,1,4
game_1212,singapore,philippines,1,3939.39,5,6,4.0756000000000006,3.1505,38,26,0,-1
game_1213,france,kazakhstan,0,3599.98,1,4,2.6664000000000003,2.0064,21,18,0,-3
game_1214,ethiopia,india,0,3600.02,3,2,2.567,3.4947,22,37,1,1
game_1215,guatemala,iceland,1,6206.57,0,1,5.6666,3.5724,52,40,0,-1
game_1216,oman,serbia,0,3600.0,2,4,2.2016,2.7748,18,25,0,-2
game_1217,uk,usa,1,4290.21,2,3,4.4415000000000004,3.7206,35,28,0,-1
game_1218,brazil,indonesia,0,3599.99,4,5,4.2709,2.603,32,28,0,-1
game_1219,mongolia,netherlands,0,3599.99,4,0,1.4301,1.9236,18,19,1,4
game_122,thailand,usa,0,3599.9900000000002,5,4,5.5778,2.3909,36,26,1,1
game_1220,vietnam,uae,1,4196.0,3,2,2.6991,2.0167,24,17,1,1
game_1221,mexico,panama,0,3600.0,4,1,3.268,2.6377,24,31,1,3
game_1222,morocco,usa,0,3599.98,6,2,3.7708,2.2971,34,24,1,4
game_1223,rwanda,china,0,3600.01,2,7,2.3672,2.9383,25,24,0,-5
game_1224,thailand,ethiopia,0,3600.0,3,1,4.2104,2.3224,32,24,1,2
game_1225,peru,oman,1,3761.45,6,5,3.129,3.4051,28,28,1,1
game_1226,pakistan,mongolia,0,3599.99,3,0,4.644,1.8997,36,22,1,3
game_1227,new_zealand,indonesia,0,3599.98,4,1,2.9973,1.7406,25,17,1,3
game_1228,switzerland,singapore,0,3600.0,0,1,2.0915,2.7674,23,28,0,-1
game_1229,guatemala,serbia,1,4051.88,2,3,3.0536,3.8689999999999998,24,41,0,-1
game_123,uae,brazil,1,4564.740000000001,3,2,3.6557999999999997,2.5517,34,25,1,1
game_1230,mexico,canada,0,3599.9900000000002,4,1,2.6092,2.004,24,22,1,3
game_1231,india,kazakhstan,1,3799.3199999999997,2,3,2.4871,2.4838,23,26,0,-1
game_1232,vietnam,iceland,1,4588.43,5,6,3.2425,3.5093,30,28,0,-1
game_1233,panama,germany,0,3600.02,7,1,3.4805,2.0993,30,19,1,6
game_1234,uk,france,0,3599.98,4,2,3.3625,3.0771,26,28,1,2
game_1235,netherlands,philippines,0,3600.01,6,1,3.0529,1.1131,24,15,1,5
game_1236,south_korea,brazil,0,3599.98,2,4,3.2769999999999997,4.8575,33,32,0,-2
game_1237,serbia,netherlands,0,3600.0,5,2,4.0352,2.3436,33,28,1,3
game_1238,indonesia,thailand,0,3600.01,1,2,2.0231,5.8315,19,41,0,-1
game_1239,canada,ethiopia,1,5031.1,4,3,3.8553,2.7435,39,29,1,1
game_124,singapore,france,0,3599.99,4,3,3.045,4.8053,29,39,1,1
game_1240,saudi_arabia,mexico,0,3600.0099999999998,4,3,2.3461,2.8565,19,26,1,1
game_1241,oman,germany,0,3599.99,0,2,3.4396,2.9611,26,22,0,-2
game_1242,mongolia,uae,1,4817.55,1,2,2.3952,2.5221,31,27,0,-1
game_1243,brazil,peru,1,3686.34,2,3,3.2284,2.9332,28,35,0,-1
game_1244,vietnam,rwanda,0,3599.99,5,4,4.0587,4.1704,27,29,1,1
game_1245,panama,philippines,1,4135.94,1,2,2.4354999999999998,3.5211,25,33,0,-1
game_1246,singapore,uk,0,3600.0,1,3,2.5768,4.1309000000000005,22,32,0,-2
game_1247,pakistan,china,0,3600.0,1,4,2.4661,3.8770000000000002,23,28,0,-3
game_1248,switzerland,usa,0,3600.01,5,1,3.6532999999999998,2.6449000000000003,27,24,1,4
game_1249,kazakhstan,iceland,1,3909.0,2,1,3.8845,2.868,37,26,1,1
game_125,usa,thailand,0,3600.0,3,6,3.1711,3.2011000000000003,28,26,0,-3
game_1250,morocco,south_korea,0,3600.02,8,4,2.9001,2.4183,27,28,1,4
game_1251,france,india,0,3599.98,5,3,3.263,3.5993,28,33,1,2
game_1252,pakistan,morocco,0,3600.01,7,4,4.1216,2.6421,37,22,1,3
game_1253,thailand,vietnam,0,3600.01,9,3,4.5753,1.8459,33,22,1,6
game_1254,philippines,iceland,0,3599.99,3,2,3.141,2.9376,23,24,1,1
game_1255,south_korea,mongolia,0,3600.0,4,2,3.7367,1.8866,32,17,1,2
game_1256,saudi_arabia,brazil,0,3599.98,2,3,1.9728999999999999,3.234,21,28,0,-1
game_1257,usa,france,0,3600.0,3,5,3.4183,5.0353,25,37,0,-2
game_1258,rwanda,ethiopia,0,3599.99,2,5,1.9482,2.5958,20,27,0,-3
game_1259,indonesia,china,0,3600.0,4,2,1.8408,2.0412999999999997,25,17,1,2
game_126,germany,south_korea,0,3600.0,3,7,1.8212000000000002,4.7506,17,37,0,-4
game_1260,kazakhstan,canada,0,3600.01,6,5,2.6624000000000003,4.1304,22,32,1,1
game_1261,germany,oman,0,3600.0,3,2,1.9621,4.1615,16,28,1,1
game_1262,mexico,new_zealand,0,3600.02,2,3,3.0643000000000002,2.2591,23,23,0,-1
game_1263,panama,guatemala,1,4213.31,2,3,2.2765999999999997,4.1083,24,43,0,-1
game_1264,singapore,netherlands,0,3600.01,1,10,2.3545,4.7571,20,42,0,-9
game_1265,serbia,uk,0,3599.9900000000002,2,7,3.4119,3.2589,28,31,0,-5
game_1266,uae,india,0,3600.0099999999998,4,2,3.0344,3.3943000000000003,26,36,1,2
game_1267,switzerland,peru,1,5307.02,3,2,4.2363,3.0236,43,31,1,1
game_1268,singapore,usa,0,3599.99,2,0,3.3373000000000004,3.3486000000000002,27,28,1,2
game_1269,canada,thailand,0,3600.0,3,2,3.1710000000000003,3.2418,31,22,1,1
game_127,morocco,indonesia,0,3600.0,1,4,2.8938,2.0594,27,25,0,-3
game_1270,morocco,peru,0,3599.99,4,2,2.8173,3.6766,26,30,1,2
game_1271,uae,rwanda,1,4552.58,4,3,5.2479,2.5331,35,27,1,1
game_1272,mexico,india,0,3599.99,1,2,2.6555,2.3623000000000003,25,28,0,-1
game_1273,indonesia,ethiopia,0,3599.99,3,6,4.0235,2.3354,38,21,0,-3
game_1274,south_korea,guatemala,0,3600.01,3,7,3.8036000000000003,3.3714,36,29,0,-4
game_1275,germany,mongolia,0,3599.99,7,5,4.2274,2.2963,31,24,1,2
game_1276,china,france,1,4515.47,7,6,4.4421,3.4589,33,30,1,1
game_1277,uk,iceland,0,3600.01,1,2,2.9646,2.7041,25,24,0,-1
game_1278,oman,panama,0,3600.01,7,2,3.2437,2.8394,28,26,1,5
game_1279,pakistan,saudi_arabia,0,3599.9900000000002,3,1,2.7713,1.6945000000000001,25,15,1,2
game_128,peru,serbia,1,3840.52,5,6,4.0969999999999995,4.3952,42,40,0,-1
game_1280,new_zealand,netherlands,0,3600.02,2,0,1.5705,3.7451,15,28,1,2
game_1281,brazil,philippines,0,3600.02,1,4,3.1281,1.9272,25,23,0,-3
game_1282,serbia,kazakhstan,0,3600.01,5,1,3.1025,2.9013,27,25,1,4
game_1283,vietnam,switzerland,0,3600.02,2,1,2.5345,2.0353,23,19,1,1
game_1284,india,saudi_arabia,0,3599.99,4,2,2.7513,1.82,27,19,1,2
game_1285,oman,uae,0,3599.99,5,4,3.8776,2.8369999999999997,33,23,1,1
game_1286,panama,kazakhstan,1,3930.0299999999997,2,3,3.6179,2.165,29,17,0,-1
game_1287,pakistan,guatemala,0,3599.98,4,2,3.563,2.208,36,23,1,2
game_1288,philippines,serbia,0,3600.0,3,2,1.9162000000000001,3.7500999999999998,21,31,1,1
game_1289,france,usa,0,3600.0,3,0,3.596,1.7559,24,16,1,3
game_129,mexico,pakistan,0,3600.01,1,2,2.7092,2.9556,25,27,0,-1
game_1290,brazil,canada,0,3599.99,7,4,4.6565,1.5866,35,19,1,3
game_1291,iceland,switzerland,0,3600.01,7,1,3.7774,0.9444,32,12,1,6
game_1292,uk,rwanda,1,4535.71,4,3,4.7965,2.9492000000000003,38,28,1,1
game_1293,netherlands,indonesia,0,3600.0,2,1,2.6133,2.0378,26,23,1,1
game_1294,mexico,south_korea,0,3599.99,4,0,2.3731,1.7237,21,18,1,4
game_1295,new_zealand,morocco,0,3599.99,5,2,3.7612,1.3256999999999999,34,14,1,3
game_1296,peru,singapore,0,3599.9900000000002,7,3,4.3651,3.2345,38,30,1,4
game_1297,philippines,thailand,0,3599.98,4,5,2.5275,2.6694,27,22,0,-1
game_1298,mongolia,guatemala,1,4515.44,1,2,2.2592,3.9669,28,39,0,-1
game_1299,pakistan,mexico,0,3599.9900000000002,6,0,4.5464,1.9651999999999998,33,18,1,6
game_13,mexico,brazil,0,3599.9900000000002,1,6,2.7186999999999997,3.2121000000000004,28,27,0,-5
game_130,brazil,new_zealand,0,3600.0099999999998,3,2,3.3454,3.5941,26,30,1,1
game_1300,ethiopia,oman,0,3600.0,7,3,4.806,3.9402,33,37,1,4
game_1301,new_zealand,peru,0,3599.9900000000002,2,1,2.0691,2.893,20,23,1,1
game_1302,panama,china,0,3600.0,1,4,2.4669000000000003,3.6477,22,32,0,-3
game_1303,serbia,usa,0,3600.0099999999998,7,2,4.300599999999999,1.9691999999999998,34,21,1,5
game_1304,canada,morocco,0,3600.0,4,0,4.865399999999999,2.0136,44,23,1,4
game_1305,iceland,kazakhstan,0,3600.0,2,1,2.8505,2.1149,26,22,1,1
game_1306,indonesia,germany,0,3599.99,4,2,3.2008,2.4301,25,19,1,2
game_1307,vietnam,saudi_arabia,0,3600.0,5,2,2.7883,3.5167,27,27,1,3
game_1308,switzerland,france,0,3600.01,2,0,1.2708,2.4745,13,24,1,2
game_1309,netherlands,south_korea,0,3600.0,5,4,4.2459999999999996,2.3279,29,29,1,1
game_131,philippines,rwanda,0,3600.02,4,0,2.5223,2.9265999999999996,26,26,1,4
game_1310,uk,uae,0,3600.01,1,3,3.0211,2.1164,21,19,0,-2
game_1311,brazil,rwanda,0,3599.9900000000002,3,0,2.4804,1.9921,18,24,1,3
game_1312,india,singapore,1,4554.63,3,4,3.7095,4.8877,37,48,0,-1
game_132,saudi_arabia,uk,0,3599.99,5,4,4.4168,2.7782,32,25,1,1
game_133,vietnam,china,0,3599.99,3,5,4.3604,3.2683,34,25,0,-2
game_134,france,switzerland,1,4295.07,4,3,2.8584,1.9225,24,23,1,1
game_135,kazakhstan,india,0,3600.0,1,2,3.9229000000000003,2.3593,35,26,0,-1
game_136,mongolia,ethiopia,0,3599.9900000000002,2,6,2.2509,3.2625,26,31,0,-4
game_137,oman,netherlands,0,3600.0,1,3,1.6708,2.7207,16,25,0,-2
game_138,panama,canada,0,3599.9900000000002,4,5,3.0571,3.7975000000000003,27,32,0,-1
game_139,guatemala,singapore,0,3600.01,2,3,4.0120000000000005,2.0254,33,21,0,-1
game_14,oman,india,0,3600.0,1,4,2.5179,1.8717,23,18,0,-3
game_140,iceland,uae,1,3728.0099999999998,2,3,3.2652,2.9983000000000004,28,27,0,-1
game_141,new_zealand,thailand,1,3613.01,1,2,1.8622,3.1083,21,23,0,-1
game_142,philippines,rwanda,0,3600.02,4,1,3.1452,2.575,28,25,1,3
game_143,china,mexico,0,3599.99,3,4,2.7252,2.7602,25,26,0,-1
game_144,indonesia,saudi_arabia,0,3600.02,2,3,2.1599,2.5393,21,26,0,-1
game_145,ethiopia,brazil,0,3600.0,1,3,2.7948999999999997,3.163,30,30,0,-2
game_146,kazakhstan,singapore,0,3599.99,1,3,2.1752000000000002,2.5232,20,21,0,-2
game_147,india,south_korea,0,3600.0,3,6,2.4907,3.5297,20,35,0,-3
game_148,morocco,vietnam,0,3599.99,5,3,4.2935,2.1705,36,23,1,2
game_149,guatemala,usa,0,3600.0,6,2,3.9877,2.4292,34,34,1,4
game_15,uk,vietnam,1,4888.93,4,5,3.8033,2.9291,29,28,0,-1
game_150,peru,pakistan,0,3600.02,2,3,3.0736,3.9513,28,33,0,-1
game_151,panama,france,0,3599.99,5,0,2.9765,2.6001,21,24,1,5
game_152,oman,canada,0,3600.0,2,3,2.6681999999999997,1.9947,23,20,0,-1
game_153,uk,iceland,0,3599.99,2,0,3.2777999999999996,3.751,27,34,1,2
game_154,germany,uae,0,3600.0,2,6,1.4814,3.3817,14,31,0,-4
game_155,mongolia,serbia,0,3600.0099999999998,1,2,2.9834,3.5492,35,32,0,-1
game_156,switzerland,netherlands,0,3600.0,0,2,1.7052,2.6894,18,24,0,-2
game_157,china,india,0,3600.02,4,1,3.3621999999999996,2.0683,29,24,1,3
game_158,saudi_arabia,morocco,0,3600.02,4,0,2.3729,2.7426,25,29,1,4
game_159,mexico,rwanda,1,4078.56,4,3,2.8487,2.2127,29,24,1,1
game_16,thailand,france,0,3600.02,5,4,3.1379,4.1225,23,31,1,1
game_160,uae,serbia,0,3600.01,2,1,2.4453,2.0307,26,22,1,1
game_161,panama,pakistan,0,3600.02,3,4,3.2525,2.4871,26,22,0,-1
game_162,canada,ethiopia,0,3600.0,2,4,2.5682,3.7757,25,31,0,-2
game_163,guatemala,philippines,0,3599.99,3,2,3.1435999999999997,2.2884,27,32,1,1
game_164,germany,usa,0,3600.02,3,7,3.9229000000000003,3.9954,33,33,0,-4
game_165,brazil,oman,0,3600.02,2,1,4.1721,2.5872,28,28,1,1
game_166,south_korea,indonesia,0,3600.03,3,7,2.2328,3.4256,23,33,0,-4
game_167,france,uk,0,3599.98,5,3,3.5366,3.3006,28,28,1,2
game_168,thailand,iceland,0,3600.02,5,1,3.6693,2.904,32,26,1,4
game_169,new_zealand,switzerland,0,3600.02,3,2,2.5506,4.6888000000000005,18,34,1,1
game_17,philippines,peru,0,3599.98,1,0,2.9396,2.1473,29,20,1,1
game_170,kazakhstan,vietnam,1,5731.77,2,1,5.7669,3.031,45,27,1,1
game_171,singapore,mongolia,1,3775.89,3,4,3.6531000000000002,3.3802,27,36,0,-1
game_172,peru,netherlands,1,4218.38,1,2,2.936,2.3372,31,23,0,-1
game_173,serbia,south_korea,0,3600.02,4,1,2.7184,2.6442,25,31,1,3
game_174,kazakhstan,saudi_arabia,0,3600.0,2,1,1.6976000000000002,2.4847,15,21,1,1
game_175,thailand,morocco,0,3600.02,6,1,3.2072,2.2519,30,24,1,5
game_176,rwanda,peru,0,3600.0,2,4,2.1867,3.5465999999999998,20,33,0,-2
game_177,pakistan,iceland,0,3600.0,0,5,2.8982,2.3304,24,20,0,-5
game_178,panama,uk,1,4102.03,4,5,3.4339,3.2557,26,30,0,-1
game_179,new_zealand,switzerland,0,3600.0099999999998,6,3,2.3417,3.2215,21,28,1,3
game_18,india,vietnam,0,3600.0,4,3,3.5978,2.211,31,22,1,1
game_180,canada,china,0,3599.99,1,4,3.5139,2.6961999999999997,37,21,0,-3
game_181,vietnam,indonesia,0,3600.0,3,5,3.8434,3.7832,32,34,0,-2
game_182,philippines,germany,1,4405.67,2,3,3.1042,3.8101,31,31,0,-1
game_183,brazil,ethiopia,0,3599.9900000000002,6,3,4.1467,3.3205,33,35,1,3
game_184,usa,india,0,3599.98,4,3,2.5624000000000002,2.9802,24,26,1,1
game_185,oman,mongolia,0,3599.99,2,3,4.2196,2.4951,32,23,0,-1
game_186,uae,guatemala,1,3664.7599999999998,3,2,2.9905,3.8059000000000003,27,35,1,1
game_187,netherlands,mexico,1,5502.47,3,2,2.9057,3.5212,27,40,1,1
game_188,singapore,france,0,3599.99,2,1,3.5197000000000003,2.9097,25,25,1,1
game_189,germany,thailand,0,3600.02,3,4,4.299799999999999,3.9891,34,29,0,-1
game_19,saudi_arabia,canada,1,3987.48,3,2,3.1115,2.6092,28,26,1,1
game_190,canada,oman,0,3600.0,3,4,3.2208,3.4375,24,28,0,-1
game_191,saudi_arabia,pakistan,0,3600.02,1,4,2.7008,3.0368,21,30,0,-3
game_192,kazakhstan,serbia,0,3599.9900000000002,4,2,2.6997,3.1984,27,28,1,2
game_193,rwanda,ethiopia,0,3599.99,3,4,3.2561,2.8632,27,23,0,-1
game_194,mongolia,singapore,0,3600.0,7,3,3.9680000000000004,2.4184,36,23,1,4
game_195,peru,indonesia,0,3599.9900000000002,2,3,2.6074,2.6575,25,25,0,-1
game_196,morocco,china,0,3599.98,1,0,2.3291,2.6563,28,29,1,1
game_197,panama,guatemala,0,3600.02,5,6,3.7024,3.2145,32,32,0,-1
game_198,india,usa,0,3600.01,2,0,3.2500999999999998,1.538,28,15,1,2
game_199,south_korea,philippines,1,6191.16,4,3,5.1832,2.8085,47,27,1,1
game_2,france,morocco,1,3797.73,3,2,3.4075,3.0509,31,27,1,1
game_20,germany,iceland,0,3600.0,5,4,2.9139,3.0934,27,26,1,1
game_200,mexico,iceland,0,3600.03,4,2,4.2481,1.7979,34,19,1,2
game_201,switzerland,new_zealand,1,5047.27,4,3,3.7707,4.9784999999999995,38,44,1,1
game_202,netherlands,vietnam,1,3856.95,2,3,3.6823,1.9585000000000001,28,23,0,-1
game_203,switzerland,iceland,0,3600.0,0,1,2.2958000000000003,2.4045,20,24,0,-1
game_204,philippines,netherlands,0,3600.01,3,2,2.3075,1.8174,27,16,1,1
game_205,china,uae,0,3599.98,2,0,2.4751,2.4989,24,23,1,2
game_206,thailand,brazil,0,3600.0,3,6,3.7417999999999996,2.8873,33,25,0,-3
game_207,usa,india,0,3599.9700000000003,4,3,4.1051,3.6565,31,34,1,1
game_208,serbia,guatemala,0,3600.01,1,6,3.1249000000000002,2.4396,35,26,0,-5
game_209,india,usa,1,4236.81,5,4,2.9416,3.3559,28,32,1,1
game_21,serbia,pakistan,0,3599.98,5,1,3.1109,2.8301,27,29,1,4
game_210,germany,china,0,3600.01,2,3,2.3107,3.8446000000000002,19,30,0,-1
game_211,peru,mexico,0,3600.0,1,2,2.2736,2.0703,24,21,0,-1
game_212,pakistan,uae,0,3599.98,4,0,2.9742,1.9813,29,19,1,4
game_213,guatemala,netherlands,0,3600.0,4,0,2.3145,2.505,25,30,1,4
game_214,france,thailand,0,3600.02,2,1,2.8247999999999998,2.2197,27,17,1,1
game_215,saudi_arabia,rwanda,0,3600.0,4,2,3.867,2.7359,30,26,1,2
game_216,ethiopia,uk,0,3599.99,1,6,3.0923,3.0854999999999997,27,25,0,-5
game_217,kazakhstan,south_korea,0,3599.98,5,0,4.1695,1.3887,35,13,1,5
game_218,oman,morocco,1,3769.04,6,5,3.3498,3.2666999999999997,30,32,1,1
game_219,philippines,indonesia,1,4243.68,4,3,3.3724,2.5261,28,25,1,1
game_22,ethiopia,mongolia,0,3600.02,2,1,3.0645,2.0284999999999997,28,24,1,1
game_220,singapore,new_zealand,0,3600.01,6,1,4.9532,3.2443999999999997,35,30,1,5
game_221,serbia,panama,0,3599.99,4,5,3.0437,3.7805999999999997,29,34,0,-1
game_222,canada,iceland,0,3600.0,3,7,3.9868,3.55,34,32,0,-4
game_223,switzerland,vietnam,0,3600.01,1,0,3.4053,2.1896,27,22,1,1
game_224,mongolia,brazil,0,3600.0099999999998,3,4,2.9786,2.1799,32,15,0,-1
game_225,rwanda,saudi_arabia,0,3600.01,6,0,2.8146,1.8239,29,16,1,6
game_226,germany,thailand,0,3600.0,3,4,2.9486,3.6186,28,28,0,-1
game_227,france,china,1,4306.19,1,2,3.4705,2.6376999999999997,30,24,0,-1
game_228,ethiopia,pakistan,1,3931.03,2,3,3.9555,3.7580999999999998,34,36,0,-1
game_229,indonesia,brazil,0,3600.01,3,4,2.1241,2.4152,23,22,0,-1
game_23,uae,usa,0,3599.99,4,3,2.4256,3.075,25,28,1,1
game_230,peru,uae,0,3600.02,0,1,3.652,2.0852,33,21,0,-1
game_231,mexico,serbia,1,3848.52,2,1,3.9560999999999997,3.231,35,36,1,1
game_232,new_zealand,india,0,3600.0,0,2,4.3979,1.8871,37,19,0,-2
game_233,canada,mongolia,1,3986.67,2,1,2.1998,2.3226,21,27,1,1
game_234,netherlands,usa,0,3599.9900000000002,7,3,6.4725,1.5973000000000002,40,18,1,4
game_235,singapore,kazakhstan,0,3600.01,5,2,3.0717,3.2418,27,34,1,3
game_236,guatemala,vietnam,0,3600.0,2,3,2.4452,2.5019,20,28,0,-1
game_237,iceland,south_korea,0,3599.9900000000002,8,2,5.439,1.6396,37,18,1,6
game_238,philippines,panama,1,3790.83,5,6,2.0289,4.2474,23,35,0,-1
game_239,morocco,oman,0,3600.0,4,0,3.5059,1.8033000000000001,31,23,1,4
game_24,oman,new_zealand,0,3600.0,2,1,2.3993,3.5362,21,26,1,1
game_240,switzerland,uk,0,3599.98,2,0,2.4679,2.7894,24,23,1,2
game_241,india,france,0,3600.0,4,2,3.3458,3.0723000000000003,30,31,1,2
game_242,china,philippines,0,3600.0099999999998,4,0,3.8232,1.7106,32,20,1,4
game_243,new_zealand,peru,0,3599.99,0,4,1.8833,2.6502,19,24,0,-4
game_244,saudi_arabia,vietnam,1,4353.6,0,1,2.5715,3.0850999999999997,21,29,0,-1
game_245,morocco,netherlands,1,3764.71,5,4,3.6181,3.1845,37,32,1,1
game_246,rwanda,south_korea,0,3600.0,2,3,2.7139,3.8026,23,30,0,-1
game_247,iceland,ethiopia,0,3599.98,0,3,3.1789,2.213,32,23,0,-3
game_248,uk,switzerland,0,3600.0,5,1,3.7244,1.6054,30,19,1,4
game_249,pakistan,mongolia,0,3600.0,5,0,3.3201,1.5301,29,19,1,5
game_25,brazil,uk,0,3600.0,1,0,2.3157,3.3295,18,32,1,1
game_250,thailand,serbia,0,3600.04,3,1,4.1261,2.7911,37,25,1,2
game_251,panama,usa,0,3599.99,6,1,2.9585,1.9467999999999999,23,15,1,5
game_252,brazil,guatemala,0,3599.99,3,2,3.373,2.0723,31,22,1,1
game_253,mexico,indonesia,0,3600.0,1,3,2.8215,2.2965999999999998,26,22,0,-2
game_254,uae,singapore,0,3599.9900000000002,1,4,3.2648,2.3744,25,21,0,-3
game_255,oman,kazakhstan,1,6137.96,4,3,4.5285,3.6954,36,30,1,1
game_256,canada,germany,1,3996.9100000000003,2,3,2.324,1.6838,19,15,0,-1
game_257,rwanda,morocco,0,3599.99,5,3,2.838,3.2036,26,35,1,2
game_258,peru,vietnam,0,3600.01,4,0,2.5224,1.345,23,16,1,4
game_259,thailand,mongolia,0,3599.9900000000002,1,2,3.267,2.3616,21,22,0,-1
game_26,guatemala,rwanda,0,3600.0,3,1,3.1877,2.5611,27,25,1,2
game_260,iceland,usa,1,3642.07,2,3,2.643,3.4806999999999997,22,36,0,-1
game_261,saudi_arabia,ethiopia,0,3600.0099999999998,3,2,3.1295,2.8939,27,29,1,1
game_262,indonesia,china,1,4758.51,2,3,3.8886000000000003,3.7605000000000004,40,31,0,-1
game_263,uk,mexico,0,3599.9700000000003,5,2,3.144,4.4326,29,39,1,3
game_264,kazakhstan,india,0,3600.01,2,3,2.3061,2.5155000000000003,26,24,0,-1
game_265,france,south_korea,1,3686.75,4,3,3.0114,2.5624000000000002,26,21,1,1
game_266,guatemala,oman,1,4190.32,4,3,3.3118,3.5897,29,34,1,1
game_267,pakistan,germany,0,3599.9900000000002,3,1,3.1545,2.4274,25,20,1,2
game_268,panama,new_zealand,1,3788.91,2,1,2.6637,3.0373,24,28,1,1
game_269,canada,philippines,0,3600.0,0,1,2.464,2.7747,23,27,0,-1
game_27,kazakhstan,morocco,1,3934.84,6,5,2.5223,2.4802,28,24,1,1
game_270,brazil,serbia,0,3600.0,3,1,3.0917000000000003,3.8097999999999996,27,29,1,2
game_271,singapore,switzerland,0,3600.0,8,2,4.5704,3.1473,35,31,1,6
game_272,uae,netherlands,1,4449.28,2,1,3.0571,2.6323,30,26,1,1
game_273,thailand,new_zealand,0,3599.9900000000002,5,3,3.1774,3.0252,22,30,1,2
game_274,morocco,kazakhstan,0,3600.0,4,3,3.2594000000000003,2.2093,27,26,1,1
game_275,rwanda,ethiopia,0,3600.03,2,5,3.5613,3.0189000000000004,32,27,0,-3
game_276,uae,saudi_arabia,1,3733.66,1,2,2.12,2.0069,20,22,0,-1
game_277,pakistan,france,0,3599.98,2,3,3.2012,2.3317,24,19,0,-1
game_278,switzerland,singapore,1,4580.7,3,2,3.2851,3.0572,34,31,1,1
game_279,peru,iceland,0,3600.0099999999998,6,3,3.4101,3.3434,28,30,1,3
game_28,switzerland,indonesia,1,4154.53,3,4,2.4529,1.9003,30,20,0,-1
game_280,oman,south_korea,1,4036.3,5,4,3.6117,3.2446,30,33,1,1
game_281,china,mongolia,0,3600.0,0,1,2.8176,2.2573,22,27,0,-1
game_282,guatemala,brazil,1,4504.47,3,2,3.1683,4.3628,34,40,1,1
game_283,philippines,vietnam,0,3600.02,0,4,1.8754,2.9801,18,28,0,-4
game_284,mexico,serbia,0,3600.0099999999998,1,5,3.2704,3.6952,32,37,0,-4
game_285,canada,usa,1,3716.35,5,4,4.1659999999999995,2.9464,37,26,1,1
game_286,netherlands,indonesia,0,3599.99,1,0,1.6891,1.7716,16,19,1,1
game_287,panama,india,0,3600.0,3,2,2.5187,3.1611,26,31,1,1
game_288,uk,germany,0,3599.98,7,2,3.6304,1.3323,27,13,1,5
game_289,rwanda,brazil,1,3823.4300000000003,5,6,4.4714,3.3545,43,26,0,-1
game_29,netherlands,singapore,0,3600.01,4,2,4.2118,2.5566,36,25,1,2
game_290,saudi_arabia,mexico,0,3600.0,2,3,2.6489,3.891,25,34,0,-1
game_291,philippines,guatemala,0,3599.99,1,0,2.1111,3.7931,26,32,1,1
game_292,china,indonesia,0,3600.0,1,3,3.5907,2.5376,28,32,0,-2
game_293,france,india,0,3600.0,0,3,2.0599,3.0215,21,22,0,-3
game_294,south_korea,serbia,0,3599.99,1,4,2.9377999999999997,4.9805,31,37,0,-3
game_295,ethiopia,mongolia,0,3600.0,5,1,2.729,1.3734,27,19,1,4
game_296,panama,oman,1,3609.89,4,3,4.2234,3.5795,33,30,1,1
game_297,singapore,morocco,1,4330.15,5,4,3.265,4.9094999999999995,32,43,1,1
game_298,peru,uk,1,3886.87,3,2,3.0616,2.9609,27,29,1,1
game_299,canada,netherlands,0,3599.9900000000002,1,5,2.9596,3.6623,26,26,0,-4
game_3,peru,iceland,1,5323.38,4,3,4.8049,2.3901000000000003,42,26,1,1
game_30,mexico,south_korea,0,3600.0,3,2,4.0512,2.2328,32,22,1,1
game_300,new_zealand,usa,0,3599.9900000000002,5,0,3.6523,2.692,32,24,1,5
game_301,iceland,switzerland,1,3796.73,2,1,2.8726,2.2574,29,28,1,1
game_302,thailand,germany,0,3600.0,2,4,2.763,2.5771,21,24,0,-2
game_303,vietnam,pakistan,1,3968.52,4,3,3.7083999999999997,3.3357,29,27,1,1
game_304,uae,kazakhstan,0,3600.0,0,1,1.9653999999999998,1.3655000000000002,18,15,0,-1
game_305,kazakhstan,uae,0,3599.9900000000002,3,6,2.6772,3.2803,30,27,0,-3
game_306,vietnam,oman,0,3600.02,4,3,2.5566,3.4582,23,29,1,1
game_307,panama,singapore,0,3600.01,8,3,6.2626,3.064,41,28,1,5
game_308,canada,indonesia,0,3600.0099999999998,0,1,2.0789,2.7591,20,30,0,-1
game_309,saudi_arabia,new_zealand,0,3599.9900000000002,5,1,2.9937,2.3918,24,26,1,4
game_31,uk,thailand,0,3600.02,4,1,2.7761,2.9684999999999997,22,25,1,3
game_310,switzerland,south_korea,0,3599.97,2,3,2.3479,3.1815,24,25,0,-1
game_311,netherlands,france,0,3600.0,0,2,1.6994,2.1021,15,22,0,-2
game_312,ethiopia,guatemala,0,3600.0099999999998,3,2,2.8534,3.2926,31,32,1,1
game_313,germany,brazil,0,3600.0,2,6,1.7247999999999999,3.8768,19,30,0,-4
game_314,uk,peru,1,4207.38,2,3,3.8296,4.2378,29,37,0,-1
game_315,india,mexico,1,4593.96,2,1,2.897,3.401,34,32,1,1
game_316,thailand,serbia,0,3600.0099999999998,5,4,3.2055,4.0761,30,33,1,1
game_317,saudi_arabia,indonesia,1,6196.82,2,1,3.7575000000000003,4.2124999999999995,35,37,1,1
game_318,india,uk,0,3600.01,6,3,3.8836,2.511,38,24,1,3
game_319,rwanda,france,0,3600.0,3,0,2.4854000000000003,3.5354,24,29,1,3
game_32,pakistan,new_zealand,0,3600.0,6,3,5.3972,1.702,39,16,1,3
game_320,germany,south_korea,0,3600.01,5,4,3.2492,2.5202999999999998,29,21,1,1
game_321,kazakhstan,china,0,3600.0,1,2,2.364,1.9755,25,17,0,-1
game_322,ethiopia,iceland,1,3863.12,3,2,2.9888,2.4332,27,25,1,1
game_323,oman,pakistan,0,3600.0099999999998,3,5,2.9782,5.744199999999999,25,43,0,-2
game_324,netherlands,new_zealand,0,3600.02,2,3,2.7296,2.3725,27,26,0,-1
game_325,philippines,panama,0,3600.01,1,2,3.3605,2.5903,30,29,0,-1
game_326,usa,vietnam,1,3971.29,2,3,2.8922,2.1642,23,22,0,-1
game_327,brazil,mexico,0,3600.0099999999998,1,4,2.8517,2.2670999999999997,26,23,0,-3
game_328,morocco,guatemala,1,3715.32,3,4,2.1125,3.4834,25,36,0,-1
game_329,canada,mongolia,0,3600.0,4,0,3.6536999999999997,1.3021,31,14,1,4
game_33,oman,ethiopia,0,3600.0,2,1,3.0274,3.0988,28,23,1,1
game_330,uae,singapore,0,3600.0,0,3,2.3442,2.6271999999999998,22,24,0,-3
game_331,saudi_arabia,france,0,3600.0,3,1,2.2813,2.1004,20,20,1,2
game_332,usa,serbia,0,3599.98,6,4,3.7286,4.042,35,34,1,2
game_333,mongolia,vietnam,0,3600.0,2,3,2.3004,2.6189,24,24,0,-1
game_334,india,peru,0,3599.99,1,5,4.6717,1.4968,40,18,0,-4
game_335,south_korea,rwanda,0,3600.02,6,1,4.0564,2.1498,32,20,1,5
game_336,ethiopia,mexico,1,4208.38,5,4,3.8587,3.6055,31,30,1,1
game_337,uae,panama,1,4739.13,2,3,2.2121,4.2981,23,39,0,-1
game_338,indonesia,philippines,0,3599.99,1,6,2.038,2.5016,23,25,0,-5
game_339,brazil,switzerland,1,5347.85,3,2,4.0999,2.9881,32,36,1,1
game_34,iceland,saudi_arabia,0,3599.99,3,4,3.4536,2.6107,30,26,0,-1
game_340,guatemala,china,0,3600.0299999999997,6,0,3.1043,2.0647,31,22,1,6
game_341,oman,netherlands,0,3600.0,0,2,2.7592,1.6392,27,16,0,-2
game_342,morocco,iceland,0,3599.99,3,4,3.3988,2.0473,27,23,0,-1
game_343,pakistan,thailand,1,3620.4,4,3,3.6174999999999997,3.1484,31,27,1,1
game_344,new_zealand,singapore,1,4682.24,3,2,4.2036999999999995,3.6412,39,34,1,1
game_345,germany,uk,0,3600.0299999999997,4,1,2.9541,2.7475,25,23,1,3
game_346,guatemala,saudi_arabia,0,3599.98,0,2,3.6294,2.1673999999999998,31,22,0,-2
game_347,serbia,vietnam,1,5830.06,4,3,5.7572,4.6318,47,48,1,1
game_348,thailand,philippines,0,3600.0,5,0,2.768,2.0236,24,24,1,5
game_349,rwanda,india,0,3599.98,2,3,2.4186,1.482,24,20,0,-1
game_35,france,morocco,1,6678.61,4,5,4.2088,6.3128,43,57,0,-1
game_350,morocco,pakistan,1,4371.17,7,6,3.7706,3.0878,30,31,1,1
game_351,south_korea,panama,0,3600.02,3,5,2.3984,3.1760999999999995,24,25,0,-2
game_352,new_zealand,iceland,0,3599.98,0,2,3.7617999999999996,2.5393,33,21,0,-2
game_353,germany,mongolia,0,3599.9900000000002,5,4,5.0524000000000004,1.7792999999999999,41,19,1,1
game_354,netherlands,ethiopia,0,3600.01,4,1,3.6414999999999997,1.5316,26,18,1,3
game_355,singapore,oman,0,3600.01,6,4,6.4507,3.0676,44,25,1,2
game_356,uk,china,0,3600.01,2,3,2.3346,3.5646999999999998,21,28,0,-1
game_357,canada,switzerland,0,3599.98,1,5,2.3814,4.6299,22,34,0,-4
game_358,france,indonesia,0,3599.99,5,4,3.5861,1.3691,28,14,1,1
game_359,peru,kazakhstan,0,3599.99,5,4,3.1633,1.8034,26,20,1,1
game_36,indonesia,peru,0,3600.01,2,3,1.8014000000000001,2.4469,17,25,0,-1
game_360,mexico,usa,0,3599.9900000000002,1,2,4.5264999999999995,1.3728000000000002,39,15,0,-1
game_361,brazil,uae,0,3599.98,8,2,5.3846,1.3464,39,15,1,6
game_362,saudi_arabia,guatemala,0,3599.9900000000002,2,3,2.0295,2.4648000000000003,20,26,0,-1
game_363,rwanda,thailand,0,3600.02,3,4,2.7621,4.1201,27,29,0,-1
game_364,new_zealand,morocco,0,3600.0,2,1,2.3356,1.8687,29,17,1,1
game_365,serbia,mexico,1,4317.76,4,5,2.7247000000000003,5.9656,27,54,0,-1
game_366,pakistan,indonesia,0,3600.0,2,1,3.9607,2.3761,28,21,1,1
game_367,china,vietnam,0,3599.9900000000002,0,4,3.2878,4.3976,22,34,0,-4
game_368,switzerland,philippines,1,4146.95,1,0,2.6397,1.8208,28,18,1,1
game_369,mongolia,panama,0,3599.9900000000002,2,3,2.6211,1.8762,23,17,0,-1
game_37,south_korea,serbia,0,3599.99,6,5,3.6105,2.8134,38,24,1,1
game_370,canada,ethiopia,0,3599.99,6,3,2.7165,1.9331,27,18,1,3
game_371,kazakhstan,uk,1,3823.15,4,3,2.3557,4.2754,22,33,1,1
game_372,india,netherlands,1,5035.64,3,4,2.8806,3.2184,33,28,0,-1
game_373,peru,oman,0,3599.99,4,3,3.5031,2.8453,30,24,1,1
game_374,brazil,france,0,3600.0,3,2,2.0425,2.9395,16,26,1,1
game_375,south_korea,uae,1,4330.97,3,2,3.5039,3.0229,34,24,1,1
game_376,iceland,singapore,0,3599.98,4,1,5.3285,2.8536,39,26,1,3
game_377,usa,germany,0,3599.9900000000002,4,3,3.5807,1.9329999999999998,28,18,1,1
game_378,serbia,rwanda,0,3600.0,2,1,3.4527,2.4189,30,21,1,1
game_379,oman,iceland,0,3600.0099999999998,2,4,2.3729,3.4105,23,28,0,-2
game_38,rwanda,panama,0,3599.99,2,4,2.4674,2.1664000000000003,20,21,0,-2
game_380,ethiopia,south_korea,0,3600.0,6,5,3.2596000000000003,2.6656,26,29,1,1
game_381,panama,morocco,1,5658.42,3,2,4.2511,3.8219000000000003,43,37,1,1
game_382,singapore,saudi_arabia,1,3918.88,3,2,2.831,2.6498,25,23,1,1
game_383,india,usa,0,3600.0099999999998,2,1,2.1939,3.9791000000000003,23,36,1,1
game_384,germany,guatemala,0,3600.01,9,4,3.2087,3.3087999999999997,32,32,1,5
game_385,mexico,pakistan,1,4386.29,7,6,4.6026,3.7517,34,36,1,1
game_386,netherlands,mongolia,0,3600.01,5,1,3.5541,1.0707,27,17,1,4
game_387,thailand,china,0,3600.01,1,3,2.1589,3.3682,19,28,0,-2
game_388,uk,peru,0,3600.0,2,1,2.1794000000000002,2.5575,19,23,1,1
game_389,philippines,switzerland,0,3599.9900000000002,5,0,2.5844,2.1917,25,21,1,5
game_39,kazakhstan,usa,0,3600.0099999999998,7,5,5.3913,2.3693999999999997,38,23,1,2
game_390,france,new_zealand,0,3599.97,6,4,3.6283,2.4351,25,22,1,2
game_391,uae,vietnam,0,3599.99,4,3,2.7022999999999997,3.2031,22,31,1,1
game_392,brazil,kazakhstan,0,3600.0,3,1,3.8854,2.365,26,25,1,2
game_393,indonesia,canada,0,3600.0099999999998,1,2,2.8561,2.7867,26,23,0,-1
game_394,thailand,oman,0,3599.9900000000002,5,3,7.3472,1.1985000000000001,47,15,1,2
game_395,uae,morocco,0,3599.99,4,1,2.5465,2.0273,23,23,1,3
game_396,china,peru,0,3600.0,1,3,2.669,2.7563000000000004,25,26,0,-2
game_397,iceland,new_zealand,0,3600.0,2,0,2.1365,2.4589,20,23,1,2
game_398,usa,pakistan,0,3600.0099999999998,2,3,3.5507999999999997,4.037599999999999,29,34,0,-1
game_399,ethiopia,saudi_arabia,0,3599.98,6,1,4.1599,3.1933,35,27,1,5
game_4,mongolia,saudi_arabia,0,3600.0,0,1,1.6322,1.6166,19,16,0,-1
game_40,singapore,mexico,1,3615.03,3,4,2.9815,4.5845,34,37,0,-1
game_400,mongolia,south_korea,0,3600.0,2,6,3.5075000000000003,3.7251000000000003,31,35,0,-4
game_401,indonesia,france,0,3600.0,2,1,2.9421,3.388,25,30,1,1
game_402,mexico,germany,0,3600.01,2,3,3.3837,2.9469000000000003,28,24,0,-1
game_403,canada,guatemala,0,3600.01,4,1,2.2470999999999997,1.8911,23,20,1,3
game_404,singapore,rwanda,1,7090.86,5,6,7.411099999999999,6.4452,55,59,0,-1
game_405,vietnam,netherlands,0,3600.0,1,4,2.1109999999999998,3.198,22,27,0,-3
game_406,india,serbia,0,3599.9900000000002,2,1,4.1005,2.4637,47,25,1,1
game_407,uk,philippines,1,3611.65,3,2,2.3607,2.0549,18,20,1,1
game_408,kazakhstan,switzerland,0,3600.0,3,1,2.3332,1.9544,23,17,1,2
game_409,brazil,panama,0,3600.0,4,3,3.0473,3.0141,27,29,1,1
game_41,netherlands,china,0,3599.99,6,1,3.1838,2.7880000000000003,30,28,1,5
game_410,new_zealand,saudi_arabia,0,3600.01,1,3,3.9095,1.9491,30,18,0,-2
game_411,singapore,china,1,3840.29,2,3,3.4125,3.4174,35,28,0,-1
game_412,brazil,rwanda,0,3599.98,4,1,2.9771,1.1681,23,15,1,3
game_413,canada,serbia,0,3600.0099999999998,5,4,4.0568,3.7615,35,33,1,1
game_414,kazakhstan,panama,0,3599.99,1,2,1.9118,1.8424,19,16,0,-1
game_415,ethiopia,pakistan,1,3784.03,5,6,2.8266,3.6924,25,36,0,-1
game_416,thailand,guatemala,1,4021.03,3,4,4.1783,4.0999,38,43,0,-1
game_417,morocco,oman,0,3600.02,4,5,3.0754,2.3449,23,22,0,-1
game_418,india,uae,0,3599.99,5,4,2.3958,2.5026,25,24,1,1
game_419,peru,switzerland,0,3600.0099999999998,0,1,3.3185000000000002,2.5678,29,23,0,-1
game_42,vietnam,brazil,0,3600.0099999999998,1,7,2.0888999999999998,4.9276,24,29,0,-6
game_420,indonesia,iceland,0,3599.9900000000002,0,4,1.4853,2.3784,16,21,0,-4
game_421,usa,mongolia,1,4639.38,3,2,3.9732000000000003,2.9172,33,33,1,1
game_422,philippines,uk,0,3600.03,2,1,2.1335,3.0111,21,26,1,1
game_423,mexico,vietnam,1,4565.51,1,2,4.1071,2.6832000000000003,36,27,0,-1
game_424,south_korea,france,0,3600.0099999999998,4,1,2.4674,1.5459,23,14,1,3
game_425,germany,netherlands,0,3599.99,2,4,2.9147,2.7119999999999997,24,25,0,-2
game_426,vietnam,thailand,0,3600.02,5,6,2.2009,3.8523,25,28,0,-1
game_427,serbia,france,0,3600.01,4,5,2.7007,3.6205999999999996,24,30,0,-1
game_428,ethiopia,philippines,1,3763.58,2,1,2.7222,2.8074000000000003,24,29,1,1
game_429,brazil,saudi_arabia,0,3600.0,3,0,3.1353,1.7207000000000001,21,18,1,3
game_43,uae,canada,1,4131.61,2,1,2.8978,3.1845,28,33,1,1
game_430,peru,iceland,0,3599.9900000000002,3,2,2.8598,2.4264,29,19,1,1
game_431,uae,oman,0,3600.02,2,3,3.0587999999999997,2.2084,20,22,0,-1
game_432,pakistan,india,0,3599.99,0,1,3.1917,3.4662,30,29,0,-1
game_433,germany,new_zealand,0,3600.02,3,0,2.5451,2.3029,22,21,1,3
game_434,rwanda,mexico,1,4066.45,4,3,2.7645,3.4359,29,34,1,1
game_435,indonesia,usa,0,3599.98,3,5,2.7986,4.2818,25,31,0,-2
game_436,morocco,singapore,0,3600.0,2,4,3.3062,2.8292,30,33,0,-2
game_437,guatemala,canada,0,3599.9700000000003,1,2,2.585,3.6585,28,35,0,-1
game_438,uk,kazakhstan,0,3600.01,3,2,2.8355,2.7060999999999997,23,25,1,1
game_439,switzerland,mongolia,0,3599.99,3,1,2.8033,2.2486,28,31,1,2
game_44,philippines,mongolia,0,3600.01,3,2,2.8973,2.1706,26,25,1,1
game_440,netherlands,china,0,3600.02,1,0,1.4619,1.2687,16,14,1,1
game_441,serbia,morocco,1,3670.37,5,6,3.9880999999999998,5.2991,40,46,0,-1
game_442,mongolia,china,1,4087.06,0,1,1.7164000000000001,2.1395,24,19,0,-1
game_443,south_korea,iceland,0,3599.99,2,3,3.6259,2.5084,33,23,0,-1
game_444,indonesia,india,0,3599.9900000000002,1,3,2.4131,2.4932999999999996,26,22,0,-2
game_445,saudi_arabia,uae,0,3600.0099999999998,4,2,2.6553,2.3281,24,19,1,2
game_446,france,rwanda,0,3600.0,4,1,5.2141,1.8836,32,18,1,3
game_447,philippines,new_zealand,0,3600.0,4,0,2.0384,2.3037,19,25,1,4
game_448,pakistan,uk,0,3600.02,2,5,3.8594,2.7187,33,21,0,-3
game_449,ethiopia,singapore,0,3600.0,2,3,2.4446000000000003,2.936,20,27,0,-1
game_45,guatemala,switzerland,1,5124.47,2,1,2.9989,2.1036,34,31,1,1
game_450,brazil,panama,0,3600.0,3,1,3.6778,3.6327,28,34,1,2
game_451,guatemala,kazakhstan,0,3600.0,0,3,1.8121,1.9962,17,25,0,-3
game_452,canada,vietnam,0,3600.0,2,0,1.9445000000000001,1.5082,17,14,1,2
game_453,mexico,thailand,0,3599.9900000000002,3,6,4.1271,2.5295,38,24,0,-3
game_454,usa,switzerland,0,3600.02,0,4,1.8855,2.7128,17,23,0,-4
game_455,germany,peru,0,3599.99,2,5,2.8729999999999998,3.4581999999999997,24,27,0,-3
game_456,netherlands,oman,1,4531.88,5,4,4.1356,2.4954,35,24,1,1
game_457,singapore,uae,0,3599.9900000000002,3,4,2.7787,2.3053,26,23,0,-1
game_458,new_zealand,oman,0,3600.01,2,1,2.5753,2.3516,23,22,1,1
game_459,usa,switzerland,0,3600.0,0,4,2.0348,2.4291,16,25,0,-4
game_46,panama,rwanda,0,3600.01,1,2,2.9219,2.1125,23,22,0,-1
game_460,philippines,vietnam,1,3601.31,2,1,2.6328,2.5813,22,24,1,1
game_461,kazakhstan,china,0,3600.01,2,1,1.5777,3.3847,18,28,1,1
game_462,canada,brazil,1,4161.27,2,1,2.7008,2.7506,30,21,1,1
game_463,guatemala,peru,0,3600.0,1,4,1.888,2.4624,21,26,0,-3
game_464,france,mexico,1,4000.63,5,6,4.188,2.6575,37,26,0,-1
game_465,indonesia,rwanda,0,3600.0,4,2,4.0785,1.6078000000000001,33,16,1,2
game_466,india,morocco,0,3599.98,4,1,3.4656,2.5921,36,25,1,3
game_467,uk,mongolia,0,3600.0,4,1,3.2775,1.2763,26,15,1,3
game_468,kazakhstan,rwanda,0,3600.02,0,2,2.2687,2.1788,20,21,0,-2
game_469,thailand,saudi_arabia,1,5454.37,5,4,6.4496,2.4724,51,23,1,1
game_47,morocco,ethiopia,0,3600.0099999999998,5,4,4.7666,2.7741,40,27,1,1
game_470,brazil,pakistan,0,3600.0099999999998,1,2,1.814,2.144,14,24,0,-1
game_471,mexico,china,1,3639.18,2,1,2.7664999999999997,1.1429,29,13,1,1
game_472,guatemala,morocco,0,3600.0,4,1,4.34,3.0091,43,40,1,3
game_473,switzerland,serbia,0,3599.99,3,4,2.206,2.9389,22,31,0,-1
game_474,usa,oman,0,3600.01,3,8,3.6881000000000004,5.0234000000000005,30,40,0,-5
game_475,ethiopia,south_korea,0,3600.01,2,3,2.9868,3.2136,27,35,0,-1
game_476,canada,panama,0,3600.0,2,4,4.55,2.6,40,25,0,-2
game_477,indonesia,uk,0,3600.0,4,3,2.2914000000000003,4.4748,22,37,1,1
game_478,singapore,iceland,0,3600.01,5,3,4.3191,2.0136,33,20,1,2
game_479,germany,india,0,3600.01,6,2,3.6652000000000005,2.4108,27,24,1,4
game_48,saudi_arabia,oman,0,3600.0,5,1,3.5814,1.7435,29,19,1,4
game_480,france,new_zealand,0,3599.99,3,1,3.9605,2.3095,31,20,1,2
game_481,peru,philippines,0,3600.0,1,0,2.8322000000000003,2.1,27,20,1,1
game_482,uae,netherlands,0,3600.0,2,1,1.1051,2.3891999999999998,11,25,1,1
game_483,mongolia,vietnam,0,3600.0099999999998,2,5,3.2094,4.6482,24,34,0,-3
game_484,saudi_arabia,south_korea,0,3600.0,0,4,1.9612,2.1038,17,23,0,-4
game_485,philippines,canada,0,3599.98,4,1,2.1074,3.6194,20,33,1,3
game_486,kazakhstan,mexico,0,3600.02,6,2,3.363,1.6951,26,16,1,4
game_487,vietnam,usa,1,4026.2599999999998,4,3,3.332,2.598,27,22,1,1
game_488,netherlands,serbia,1,3923.3199999999997,5,4,3.0741,3.096,32,28,1,1
game_489,oman,indonesia,1,4086.47,3,4,3.1092,3.0843,27,28,0,-1
game_49,iceland,france,0,3600.01,5,3,2.3723,3.6208,21,30,1,2
game_490,uae,india,0,3600.02,2,3,2.2268,3.8776,19,37,0,-1
game_491,china,uk,0,3600.0,2,1,3.273,3.7620999999999998,27,32,1,1
game_492,singapore,morocco,0,3599.99,3,0,3.013,2.1361,30,20,1,3
game_493,brazil,mongolia,1,4119.69,3,4,3.5622,2.4318,27,28,0,-1
game_494,iceland,new_zealand,0,3600.0099999999998,3,1,3.6492,2.3452,28,24,1,2
game_495,thailand,panama,0,3600.01,2,3,4.0449,2.5414,32,25,0,-1
game_496,guatemala,pakistan,0,3599.99,5,3,2.7389,3.2414,24,34,1,2
game_497,switzerland,germany,0,3600.0099999999998,1,0,1.1199,2.3369,11,20,1,1
game_498,ethiopia,peru,1,3987.87,3,4,2.1561,4.8788,21,43,0,-1
game_499,thailand,rwanda,0,3600.0099999999998,3,4,3.9330999999999996,1.3811,27,18,0,-1
game_5,usa,guatemala,0,3599.98,4,1,3.1534999999999997,4.7456000000000005,32,42,1,3
game_50,china,netherlands,0,3600.0,2,4,2.565,2.6427,22,25,0,-2
game_500,usa,new_zealand,0,3600.02,1,3,2.4616,3.6273,20,27,0,-2
game_501,china,canada,1,3776.87,3,2,2.6029,2.5904,23,28,1,1
game_502,peru,ethiopia,1,4087.07,2,1,2.7524,2.0304,30,22,1,1
game_503,saudi_arabia,kazakhstan,0,3600.01,0,4,1.5388,4.0371,14,38,0,-4
game_504,indonesia,uk,0,3599.97,1,2,1.5237,2.8173,16,26,0,-1
game_505,mexico,netherlands,1,4189.04,0,1,2.8828,2.1035,29,23,0,-1
game_506,france,iceland,1,3723.02,5,4,4.0299,2.5268,33,22,1,1
game_507,germany,singapore,0,3599.96,1,4,2.8602,3.5753,25,28,0,-3
game_508,south_korea,vietnam,0,3599.99,5,6,3.9061,3.7825,32,32,0,-1
game_509,morocco,india,0,3600.01,1,2,3.9705,2.8177,37,31,0,-1
game_51,india,switzerland,1,3772.2000000000003,3,2,1.56,2.5818,20,29,1,1
game_510,switzerland,panama,0,3600.0099999999998,4,0,3.6721,2.8890000000000002,32,24,1,4
game_511,uae,pakistan,0,3600.03,2,1,2.9021,2.3395,24,21,1,1
game_512,serbia,mongolia,0,3599.9900000000002,8,2,5.7791,1.6964,43,23,1,6
game_513,oman,brazil,0,3599.9900000000002,1,4,2.8995,3.5911999999999997,30,25,0,-3
game_514,saudi_arabia,switzerland,0,3599.99,3,5,2.4341999999999997,2.875,23,29,0,-2
game_515,serbia,thailand,1,4515.56,4,5,5.2412,4.0222999999999995,40,36,0,-1
game_516,guatemala,germany,1,3605.89,4,3,1.8538000000000001,3.5722,16,36,1,1
game_517,vietnam,morocco,0,3599.99,4,2,3.4625,1.6991,28,15,1,2
game_518,new_zealand,france,1,5711.1,3,2,3.8001,3.4569,34,29,1,1
game_519,rwanda,brazil,1,4988.33,4,3,3.6885,3.6983,40,31,1,1
game_52,new_zealand,pakistan,0,3599.98,2,1,3.2662,2.545,24,21,1,1
game_520,uae,oman,1,4657.13,2,3,3.5338,3.7125,29,35,0,-1
game_521,pakistan,philippines,0,3600.0099999999998,1,2,2.332,1.4244,19,16,0,-1
game_522,usa,indonesia,0,3600.01,2,0,2.6893,2.6851,21,24,1,2
game_523,china,south_korea,0,3600.0,3,0,2.6639,1.6721,20,21,1,3
game_524,india,mongolia,0,3600.0,0,3,2.6971,3.037,24,34,0,-3
game_525,ethiopia,mexico,0,3600.0,4,1,2.8302,2.7478,28,30,1,3
game_526,panama,peru,0,3600.0,2,0,2.7584,2.0050999999999997,25,17,1,2
game_527,iceland,canada,0,3600.0,2,3,2.8234,4.1041,27,40,0,-1
game_528,singapore,kazakhstan,0,3600.0,6,1,4.6337,2.5057,32,26,1,5
game_529,netherlands,uk,0,3600.01,1,5,3.007,3.5442,24,32,0,-4
game_53,south_korea,uk,1,4096.42,3,4,2.9661,3.3045,26,26,0,-1
game_530,serbia,brazil,0,3600.01,4,5,3.7114000000000003,3.6724,41,33,0,-1
game_531,rwanda,philippines,0,3600.01,1,6,2.9821,2.6139,27,27,0,-5
game_532,saudi_arabia,germany,0,3600.02,1,3,2.0227,2.222,15,21,0,-2
game_533,china,new_zealand,0,3599.9900000000002,4,1,3.6638,2.0007,22,23,1,3
game_534,india,ethiopia,1,3650.96,2,1,3.0036,1.5298,27,16,1,1
game_535,pakistan,thailand,0,3600.0099999999998,2,1,3.6099,3.2752,31,26,1,1
game_536,usa,morocco,0,3599.99,0,2,3.3074,2.1853000000000002,28,20,0,-2
game_537,panama,netherlands,0,3599.99,1,2,2.9263,2.787,25,24,0,-1
game_538,oman,mexico,0,3600.02,3,4,2.8158000000000003,1.5282,28,17,0,-1
game_539,uae,uk,0,3600.02,5,3,3.4067,2.8978,29,27,1,2
game_54,germany,philippines,0,3600.0,5,2,3.7561999999999998,2.2807,32,22,1,3
game_540,indonesia,south_korea,0,3600.0,7,1,3.2643999999999997,2.9536000000000002,34,26,1,6
game_541,peru,guatemala,0,3599.99,4,0,3.5223,2.583,35,25,1,4
game_542,switzerland,iceland,1,4296.4,3,2,2.2323,3.4017000000000004,27,30,1,1
game_543,mongolia,france,0,3599.98,2,3,3.4827000000000004,2.5421,33,26,0,-1
game_544,canada,singapore,0,3600.0099999999998,6,2,3.3608000000000002,1.9881,32,21,1,4
game_545,vietnam,kazakhstan,0,3600.02,2,1,1.9889,2.4434,19,20,1,1
game_546,netherlands,thailand,0,3600.0,7,3,2.3598000000000003,2.382,22,22,1,4
game_547,india,canada,0,3599.99,1,2,2.2172,2.7878,21,27,0,-1
game_548,ethiopia,uae,1,3649.23,1,2,3.0088,1.6193,25,19,0,-1
game_549,iceland,oman,0,3599.98,2,0,4.0595,2.8144,30,30,1,2
game_55,serbia,peru,0,3599.98,2,4,2.9132,2.7614,24,31,0,-2
game_550,serbia,vietnam,0,3600.0,5,1,3.8527,2.3941,28,25,1,4
game_551,saudi_arabia,peru,0,3599.9900000000002,1,2,1.7976999999999999,2.4471,16,24,0,-1
game_552,germany,mexico,1,4572.83,3,2,3.7984999999999998,3.1894,34,28,1,1
game_553,mongolia,philippines,0,3600.0,1,4,1.8616,3.247,23,34,0,-3
game_554,switzerland,kazakhstan,0,3600.0099999999998,3,4,2.7222,3.1463,27,31,0,-1
game_555,morocco,uk,0,3599.9900000000002,6,1,4.7907,2.1109999999999998,39,24,1,5
game_556,new_zealand,china,0,3599.99,2,1,2.5462000000000002,2.5964,25,22,1,1
game_557,pakistan,brazil,0,3600.0099999999998,5,2,4.4621,1.2171,35,10,1,3
game_558,usa,france,0,3599.98,2,3,2.9157,2.9951,24,23,0,-1
game_559,rwanda,panama,0,3599.9900000000002,0,1,2.9675000000000002,2.9416,27,28,0,-1
game_56,brazil,guatemala,0,3600.01,4,2,3.0253,4.2247,30,43,1,2
game_560,china,serbia,0,3600.02,2,0,4.2433,1.9230999999999998,34,20,1,2
game_561,rwanda,canada,0,3600.0,2,3,2.1195,2.9664,20,27,0,-1
game_562,guatemala,pakistan,0,3600.02,5,4,3.3120000000000003,4.6358,31,43,1,1
game_563,philippines,saudi_arabia,0,3599.99,4,1,2.3699,1.4386,22,14,1,3
game_564,morocco,usa,1,4213.95,4,5,4.9608,3.0503,40,30,0,-1
game_565,iceland,india,0,3600.0099999999998,4,0,2.6577,2.7119999999999997,25,31,1,4
game_566,oman,singapore,0,3600.0,3,2,4.3039,2.869,35,25,1,1
game_567,france,panama,0,3600.02,4,3,2.9508,3.3578,26,26,1,1
game_568,ethiopia,vietnam,0,3600.01,4,2,3.9424,1.7635999999999998,31,19,1,2
game_569,mexico,uk,0,3600.02,3,0,3.5778,2.8763,29,26,1,3
game_57,vietnam,mongolia,0,3600.0099999999998,3,2,2.4981,2.5895,23,23,1,1
game_570,netherlands,indonesia,0,3599.99,3,2,2.1159,1.8193,18,22,1,1
game_571,new_zealand,germany,0,3600.01,2,3,2.6682,1.6578,21,14,0,-1
game_572,south_korea,thailand,1,4134.08,4,5,3.5187,3.738,34,31,0,-1
game_573,uae,peru,1,5368.26,2,3,3.6612999999999998,3.2478000000000002,34,39,0,-1
game_574,mongolia,switzerland,1,4501.41,2,3,2.3112,2.9052,25,30,0,-1
game_575,kazakhstan,brazil,0,3600.0,1,2,2.0977,4.2753,23,30,0,-1
game_576,india,new_zealand,1,4729.15,2,3,2.5811,3.8205,24,39,0,-1
game_577,switzerland,saudi_arabia,0,3600.0099999999998,2,4,1.6595,3.0942,17,29,0,-2
game_578,usa,peru,1,4122.08,3,4,2.3923,3.5166,21,35,0,-1
game_579,iceland,serbia,0,3600.01,5,2,2.9987,2.3379,28,23,1,3
game_58,usa,singapore,0,3600.0,4,0,4.0328,2.2963,30,23,1,4
game_580,germany,kazakhstan,0,3600.0,3,0,2.5829,2.0595,19,21,1,3
game_581,brazil,china,0,3599.9900000000002,1,2,3.0359,1.835,28,17,0,-1
game_582,rwanda,pakistan,0,3600.0099999999998,4,1,2.6658999999999997,3.2637,27,25,1,3
game_583,uk,morocco,0,3599.99,3,2,2.8002000000000002,2.0194,28,20,1,1
game_584,guatemala,mexico,1,4075.51,4,5,2.9989000000000003,3.8463000000000003,32,39,0,-1
game_585,france,oman,0,3599.98,4,5,3.6225,2.6197999999999997,26,22,0,-1
game_586,ethiopia,indonesia,1,4511.4,4,3,4.251,3.1056,39,36,1,1
game_587,netherlands,panama,1,3935.04,4,3,2.7416,2.916,27,24,1,1
game_588,south_korea,canada,0,3600.0099999999998,2,1,3.6684,2.6551,32,25,1,1
game_589,singapore,vietnam,0,3600.01,3,2,2.9788,2.8165,25,24,1,1
game_59,thailand,kazakhstan,0,3600.0,5,4,2.4251,1.9215,18,19,1,1
game_590,mongolia,thailand,0,3599.9900000000002,5,2,2.6329000000000002,2.4224,27,22,1,3
game_591,uae,philippines,1,4407.49,3,2,3.3239,3.0393,32,34,1,1
game_592,peru,thailand,0,3600.02,2,6,2.5493,3.3995,26,29,0,-4
game_593,usa,ethiopia,0,3599.99,4,2,3.6361,2.162,32,21,1,2
game_594,saudi_arabia,netherlands,0,3600.0,2,0,1.8897,2.5414,19,21,1,2
game_595,india,oman,0,3600.0,6,2,4.0516,2.7603,37,24,1,4
game_596,serbia,iceland,0,3599.99,4,0,3.7270000000000003,2.4978000000000002,35,23,1,4
game_597,pakistan,canada,1,4116.23,2,3,3.1345,4.6247,29,39,0,-1
game_598,uae,china,1,3682.42,5,4,1.8647,4.1878,20,40,1,1
game_599,morocco,mexico,0,3600.02,3,4,2.2076000000000002,2.3031,25,25,0,-1
game_6,indonesia,new_zealand,1,3619.73,4,5,2.8807,3.5877,26,30,0,-1
game_60,canada,mexico,0,3600.0,3,5,3.7547,2.7776,32,28,0,-2
game_600,mongolia,indonesia,0,3599.99,0,2,1.8524,1.8021,19,21,0,-2
game_601,germany,rwanda,0,3599.98,4,2,2.9439,2.8409,24,23,1,2
game_602,panama,brazil,0,3600.0,4,0,4.0459000000000005,2.0994,33,20,1,4
game_603,vietnam,south_korea,0,3600.01,2,4,2.3522,3.1703,22,26,0,-2
game_604,philippines,singapore,1,4764.26,3,2,4.1925,3.8680000000000003,36,32,1,1
game_605,guatemala,france,0,3599.9900000000002,1,5,2.7814,2.0577,27,23,0,-4
game_606,new_zealand,uk,0,3600.0,1,2,2.6644,2.8385,24,20,0,-1
game_607,thailand,canada,0,3600.01,10,3,4.4997,2.1323,38,22,1,7
game_608,france,philippines,1,4915.56,5,6,3.4209,4.8227,32,44,0,-1
game_609,panama,saudi_arabia,0,3600.0099999999998,1,2,3.4268,2.5473,30,25,0,-1
game_61,indonesia,uae,0,3600.01,4,3,1.6115,3.2452,22,31,1,1
game_610,china,india,0,3600.0,0,3,1.4894,3.4955,12,35,0,-3
game_611,morocco,iceland,1,3654.19,2,3,3.0832,2.5144,34,27,0,-1
game_612,serbia,ethiopia,1,3953.14,5,4,4.1967,3.8931,34,36,1,1
game_613,mexico,uae,0,3600.0099999999998,4,0,3.1181,1.3422,30,16,1,4
game_614,pakistan,netherlands,1,5325.26,3,2,4.2292000000000005,5.3192,43,41,1,1
game_615,rwanda,usa,1,3927.35,8,7,3.994,3.3715,34,27,1,1
game_616,germany,brazil,1,4259.53,3,4,2.129,4.7345,21,32,0,-1
game_617,switzerland,oman,0,3599.99,3,4,3.9905000000000004,3.2165,35,28,0,-1
game_618,uk,new_zealand,0,3600.0,1,2,2.0299,3.0603,17,30,0,-1
game_619,indonesia,vietnam,0,3599.99,0,3,3.0715,2.7328,26,24,0,-3
game_62,guatemala,saudi_arabia,0,3599.99,2,1,2.2497,2.8996,21,30,1,1
game_620,singapore,peru,0,3599.99,0,3,2.8764000000000003,3.1418,22,29,0,-3
game_621,mongolia,kazakhstan,0,3600.0,3,0,2.3697,1.5985,23,18,1,3
game_622,guatemala,south_korea,0,3600.0,2,4,2.9891,2.6535,25,30,0,-2
game_623,usa,saudi_arabia,0,3599.9900000000002,0,5,3.3733,2.8357,33,24,0,-5
game_624,uae,thailand,1,4348.38,4,3,1.6406,3.8182,18,32,1,1
game_625,mongolia,panama,1,4759.7300000000005,3,4,2.9254,4.8449,32,37,0,-1
game_626,france,new_zealand,0,3600.0,4,3,2.9106,2.1807,25,18,1,1
game_627,rwanda,canada,0,3600.0099999999998,1,5,2.1707,2.7934,21,24,0,-4
game_628,serbia,germany,0,3599.9900000000002,5,1,4.8846,2.3539,36,23,1,4
game_629,singapore,morocco,0,3600.0,3,1,2.2392,2.4081,27,21,1,2
game_63,new_zealand,serbia,0,3600.03,6,4,3.1903,2.9715,27,24,1,2
game_630,guatemala,south_korea,0,3600.0,5,2,5.1437,1.9337,35,27,1,3
game_631,brazil,pakistan,0,3599.98,3,5,2.6283,3.4603,21,37,0,-2
game_632,india,china,0,3600.0,2,0,1.9589,3.2239,22,27,1,2
game_633,uk,ethiopia,0,3599.98,5,6,4.572900000000001,3.3374,37,32,0,-1
game_634,kazakhstan,philippines,0,3600.0,1,0,1.492,1.7298,13,17,1,1
game_635,iceland,peru,0,3600.01,1,4,1.5964,2.5273,15,27,0,-3
game_636,switzerland,netherlands,0,3600.01,3,4,1.9068,2.4144,24,25,0,-1
game_637,indonesia,oman,0,3600.0,2,4,3.3369,2.7134,32,24,0,-2
game_638,thailand,mongolia,0,3600.0,4,1,4.3575,1.4987,32,23,1,3
game_639,saudi_arabia,south_korea,0,3599.99,3,2,2.3015999999999996,1.4338,19,16,1,1
game_64,thailand,ethiopia,0,3599.99,2,4,2.9768000000000003,2.1217,25,21,0,-2
game_640,canada,rwanda,1,3861.7400000000002,3,4,4.4098,2.6328,36,26,0,-1
game_641,switzerland,pakistan,1,3822.3900000000003,4,3,2.4222,3.2808,21,30,1,1
game_642,panama,serbia,0,3599.9900000000002,9,3,4.5136,2.6183,40,25,1,6
game_643,iceland,uae,0,3599.97,4,0,2.0888999999999998,1.1242,24,14,1,4
game_644,india,indonesia,0,3600.01,2,6,2.8398,5.2062,29,45,0,-4
game_645,morocco,brazil,0,3600.01,2,3,3.4795,2.9789,38,25,0,-1
game_646,singapore,germany,0,3600.0,2,1,2.428,3.5427,22,25,1,1
game_647,ethiopia,kazakhstan,0,3600.02,3,1,3.6328,2.2163,30,27,1,2
game_648,oman,china,0,3600.0,0,1,2.0825,1.55,19,15,0,-1
game_649,new_zealand,vietnam,0,3600.01,2,3,3.3582,1.8560999999999999,25,15,0,-1
game_65,india,rwanda,0,3599.9700000000003,2,1,2.1747,2.5636,19,25,1,1
game_650,guatemala,uk,0,3600.02,3,2,1.7709000000000001,4.1006,18,35,1,1
game_651,philippines,france,0,3600.0,5,1,3.9168,2.402,35,19,1,4
game_652,mexico,peru,1,5152.22,1,2,4.8976999999999995,3.061,39,36,0,-1
game_653,rwanda,serbia,1,3933.09,2,3,2.4951,2.699,25,25,0,-1
game_654,panama,saudi_arabia,1,3703.52,3,2,3.6152,2.2068,30,19,1,1
game_655,ethiopia,thailand,0,3600.02,3,4,4.0641,2.7968,34,26,0,-1
game_656,new_zealand,morocco,0,3600.02,0,4,2.7891,1.9098,28,16,0,-4
game_657,china,indonesia,1,4483.28,1,2,2.9899,3.5980999999999996,24,38,0,-1
game_658,germany,pakistan,0,3600.0299999999997,3,6,2.7345,3.7115,20,30,0,-3
game_659,peru,switzerland,0,3599.98,3,2,2.4495,3.0,25,29,1,1
game_66,indonesia,pakistan,0,3600.0,0,1,2.3975,3.4085,21,29,0,-1
game_660,oman,guatemala,0,3600.03,4,5,3.5692000000000004,4.2315000000000005,33,36,0,-1
game_661,mexico,philippines,0,3599.98,5,3,2.7998,2.3956,28,23,1,2
game_662,france,usa,1,3731.82,3,4,3.7546999999999997,3.5532000000000004,29,30,0,-1
game_663,canada,mongolia,1,4071.76,3,4,4.2341,2.0867,32,22,0,-1
game_664,netherlands,india,0,3600.0099999999998,1,0,1.0942,2.6010999999999997,10,29,1,1
game_665,iceland,kazakhstan,0,3600.01,3,2,1.7092,2.6539,14,24,1,1
game_666,vietnam,brazil,0,3600.0,4,1,4.5451999999999995,3.2944999999999998,37,22,1,3
game_667,uk,uae,0,3599.99,4,3,3.8118,2.6401,30,22,1,1
game_668,south_korea,singapore,0,3600.0,7,3,6.3542000000000005,2.468,45,22,1,4
game_669,uae,usa,0,3599.99,2,3,3.5459,1.7355,27,21,0,-1
game_67,china,brazil,0,3600.0,3,2,2.809,2.8869,27,25,1,1
game_670,thailand,south_korea,1,4824.85,5,6,6.1415999999999995,4.8203,46,46,0,-1
game_671,rwanda,vietnam,1,3974.0,2,3,5.1494,2.267,44,22,0,-1
game_672,ethiopia,new_zealand,0,3600.0099999999998,2,0,2.5825,1.9415,18,21,1,2
game_673,kazakhstan,indonesia,0,3599.98,3,2,3.4997,2.2243,30,18,1,1
game_674,iceland,mexico,0,3599.98,5,4,3.3671,3.6297,29,32,1,1
game_675,china,switzerland,0,3600.0,4,1,4.9177,2.2983000000000002,39,31,1,3
game_676,pakistan,oman,0,3600.01,8,1,4.9089,2.3567,36,22,1,7
game_677,philippines,canada,1,3683.18,2,1,2.33,1.56,25,15,1,1
game_678,serbia,india,1,4269.83,1,2,3.5257,4.3078,34,44,0,-1
game_679,germany,saudi_arabia,0,3600.0099999999998,2,1,2.8254,2.363,23,20,1,1
game_68,south_korea,morocco,0,3600.0,3,4,3.6182000000000003,2.702,37,26,0,-1
game_680,singapore,panama,0,3600.0,2,8,2.3966,6.6135,24,44,0,-6
game_681,peru,netherlands,1,4342.09,1,2,2.0647,1.2842,22,15,0,-1
game_682,france,morocco,1,4462.2,6,5,4.8849,2.8454,50,30,1,1
game_683,mongolia,uk,0,3600.01,2,1,2.556,2.2014,22,19,1,1
game_684,canada,rwanda,0,3599.97,2,1,1.738,2.0765,15,20,1,1
game_685,china,thailand,1,4187.75,5,4,4.2292000000000005,2.7332,29,25,1,1
game_686,vietnam,guatemala,0,3600.02,1,6,1.1978,4.6719,16,34,0,-5
game_687,mexico,saudi_arabia,0,3600.01,2,1,2.1089,2.6066000000000003,23,20,1,1
game_688,usa,south_korea,0,3600.01,4,0,3.5291,2.8774,28,27,1,4
game_689,singapore,indonesia,0,3599.98,2,3,2.8334,3.3156,26,32,0,-1
game_69,switzerland,uk,1,4144.77,3,2,3.6304999999999996,3.4631,34,31,1,1
game_690,ethiopia,germany,0,3600.01,3,4,3.9222,4.2607,31,37,0,-1
game_691,peru,panama,0,3600.0,0,3,2.4255,2.5221999999999998,22,24,0,-3
game_692,new_zealand,france,0,3600.01,2,3,2.9904,5.1787,23,35,0,-1
game_693,uk,pakistan,0,3600.0,6,1,3.4958,3.4068,21,29,1,5
game_694,uae,kazakhstan,0,3600.0,1,5,1.334,3.8191,13,36,0,-4
game_695,netherlands,morocco,0,3600.0,3,4,3.3319,2.1722,29,24,0,-1
game_696,iceland,india,0,3600.02,4,5,3.2039,3.3984,31,38,0,-1
game_697,serbia,mongolia,0,3600.0,1,2,3.5306,1.5373,29,21,0,-1
game_698,switzerland,oman,0,3600.0099999999998,7,2,3.8571,2.3463,33,23,1,5
game_699,kazakhstan,usa,0,3600.0,3,4,2.6947,2.9680999999999997,23,22,0,-1
game_7,germany,rwanda,1,3919.65,4,5,2.9504,2.5971,27,23,0,-1
game_70,mexico,oman,0,3600.0,0,2,1.8582999999999998,2.2227,19,24,0,-2
game_700,philippines,thailand,0,3600.0099999999998,3,4,1.8334,2.6473,19,23,0,-1
game_701,rwanda,vietnam,0,3600.0099999999998,1,3,2.2083,1.628,19,13,0,-2
game_702,mongolia,ethiopia,0,3600.0,3,0,2.2269,1.9525000000000001,24,20,1,3
game_703,netherlands,peru,0,3600.0099999999998,1,2,2.3668,2.6084,20,26,0,-1
game_704,indonesia,mexico,1,3987.06,2,3,2.3110999999999997,3.4042,26,30,0,-1
game_705,new_zealand,india,0,3600.02,1,2,2.9176,2.038,24,21,0,-1
game_706,pakistan,canada,0,3600.01,1,7,2.1158,3.3773999999999997,21,29,0,-6
game_707,germany,switzerland,0,3600.0,5,1,3.0962,2.1831,26,23,1,4
game_708,singapore,china,0,3600.01,5,4,3.4767,2.5063,30,21,1,1
game_709,oman,france,0,3600.0,2,3,3.1718,2.553,25,22,0,-1
game_71,mongolia,usa,0,3600.02,1,4,3.4813,3.4551,36,32,0,-3
game_710,iceland,uk,0,3600.0,1,4,1.7496,3.8576,18,31,0,-3
game_711,guatemala,serbia,0,3600.0099999999998,3,4,2.9785,2.9298,26,31,0,-1
game_712,brazil,saudi_arabia,0,3600.01,2,1,2.9438,1.7972000000000001,25,21,1,1
game_713,south_korea,panama,0,3600.0,2,3,3.0815,2.705,32,22,0,-1
game_714,rwanda,brazil,0,3600.0,1,4,2.2401,3.3905,26,26,0,-3
game_715,pakistan,serbia,0,3599.98,3,1,3.3975999999999997,2.9617,30,25,1,2
game_716,india,germany,0,3600.0,3,4,3.334,3.2087,33,28,0,-1
game_717,panama,ethiopia,0,3599.99,3,0,3.9949,1.7566,32,21,1,3
game_718,morocco,saudi_arabia,0,3600.01,5,1,4.5182,2.1349,34,24,1,4
game_719,indonesia,oman,0,3600.03,2,4,1.9353,2.8363,18,24,0,-2
game_72,philippines,germany,0,3600.01,3,2,3.4831,3.0562,29,27,1,1
game_720,peru,china,0,3600.0099999999998,4,3,2.1016,2.0259,23,15,1,1
game_721,netherlands,kazakhstan,0,3599.9900000000002,4,0,3.932,1.8367,33,22,1,4
game_722,new_zealand,philippines,0,3600.0,3,4,3.6296,2.2580999999999998,32,22,0,-1
game_723,usa,iceland,0,3600.0099999999998,4,5,3.2316000000000003,3.3285,26,29,0,-1
game_724,thailand,uk,0,3599.9900000000002,2,3,4.1584,3.7466,30,36,0,-1
game_725,switzerland,mexico,0,3599.98,4,0,2.6332,2.5078,25,27,1,4
game_726,guatemala,mongolia,1,4035.64,3,2,3.4797000000000002,1.9074,34,21,1,1
game_727,france,canada,1,4047.0,6,5,5.0809,2.3762,37,24,1,1
game_728,vietnam,south_korea,0,3600.0,6,3,2.3672,3.1452,19,29,1,3
game_729,singapore,uae,1,4477.21,4,5,3.2137000000000002,3.468,33,32,0,-1
game_73,iceland,panama,0,3600.0,2,3,1.929,3.8994,20,33,0,-1
game_730,pakistan,rwanda,0,3600.01,7,0,4.3201,2.8363,38,25,1,7
game_731,morocco,serbia,0,3599.99,2,3,4.8748000000000005,2.6961,37,28,0,-1
game_732,saudi_arabia,india,1,5973.0199999999995,2,1,5.114,3.9941,48,42,1,1
game_733,panama,switzerland,0,3599.97,5,1,2.5375,1.7688,24,20,1,4
game_734,usa,oman,1,4337.9,4,5,3.7781000000000002,3.5262,32,33,0,-1
game_735,ethiopia,china,0,3600.01,2,1,2.825,2.5493,26,22,1,1
game_736,germany,indonesia,0,3599.98,0,5,3.138,2.7837,25,28,0,-5
game_737,vietnam,philippines,1,3993.11,2,3,4.8235,2.3453,40,21,0,-1
game_738,iceland,mongolia,0,3600.0,4,2,2.1243,2.2721,20,20,1,2
game_739,netherlands,uk,1,4595.7,3,2,4.6165,2.9322,39,27,1,1
game_74,netherlands,france,0,3600.0,5,3,3.6959999999999997,3.3245,32,30,1,2
game_740,new_zealand,uae,0,3600.0,9,1,4.5079,1.6516,40,16,1,8
game_741,thailand,guatemala,0,3599.98,3,2,2.1063,3.1948000000000003,23,29,1,1
game_742,kazakhstan,france,1,4862.91,2,3,2.2686,2.7651,21,25,0,-1
game_743,south_korea,mexico,0,3600.01,7,6,2.9086,3.3427000000000002,30,29,1,1
game_744,singapore,canada,0,3600.01,0,2,3.7405,3.5915999999999997,34,31,0,-2
game_745,peru,brazil,0,3600.01,7,1,4.5245,1.822,34,16,1,6
game_746,guatemala,vietnam,0,3600.01,4,6,4.7665,3.0422000000000002,38,37,0,-2
game_747,brazil,germany,0,3600.0,3,2,2.8657,2.2261,23,21,1,1
game_748,south_korea,china,0,3600.02,5,0,3.7837,2.5414,37,25,1,5
game_749,usa,indonesia,0,3599.98,4,3,3.1075,3.2391,26,28,1,1
game_75,uae,kazakhstan,0,3599.99,2,1,2.5628,1.6049,22,20,1,1
game_750,guatemala,germany,0,3600.0099999999998,0,5,3.3745,3.6792,30,33,0,-5
game_751,ethiopia,thailand,0,3600.0,5,4,3.6887999999999996,4.3661,32,33,1,1
game_752,philippines,india,0,3599.99,1,0,1.5581,2.0867,16,25,1,1
game_753,morocco,rwanda,0,3599.9900000000002,2,1,2.8539,3.5895,31,37,1,1
game_754,vietnam,pakistan,1,3647.74,4,5,2.6383,4.9761,20,39,0,-1
game_755,saudi_arabia,singapore,1,3655.67,3,2,2.8085,1.9513,27,21,1,1
game_756,netherlands,oman,0,3599.98,5,0,4.7095,2.3044,34,22,1,5
game_757,uk,iceland,1,4438.24,4,3,3.3806,2.5679,26,23,1,1
game_758,france,china,1,5058.2,2,3,4.1718,4.0988999999999995,35,34,0,-1
game_759,serbia,panama,0,3599.9900000000002,4,3,3.6369,3.5258000000000003,31,35,1,1
game_76,vietnam,singapore,1,4804.400000000001,3,2,3.9971,4.2133,33,36,1,1
game_760,peru,mongolia,0,3600.02,4,3,4.231,1.8697000000000001,34,20,1,1
game_761,brazil,canada,1,3893.81,4,3,3.1611000000000002,3.6871,24,33,1,1
game_762,kazakhstan,new_zealand,0,3600.0,4,0,3.2393,2.4169,24,21,1,4
game_763,uae,mexico,0,3600.01,5,3,3.0946000000000002,3.1319000000000004,27,32,1,2
game_764,south_korea,switzerland,0,3600.0,4,3,4.6415,2.7025,41,24,1,1
game_765,peru,usa,0,3600.0,5,1,3.0049,2.9464,29,25,1,4
game_766,china,switzerland,0,3600.02,9,4,4.099600000000001,2.7106,34,27,1,5
game_767,saudi_arabia,pakistan,0,3599.9900000000002,2,7,2.2331,4.0476,18,36,0,-5
game_768,rwanda,mexico,0,3599.99,0,3,2.8918,3.1818,28,26,0,-3
game_769,uk,guatemala,0,3600.0099999999998,4,0,4.1996,1.6284,38,17,1,4
game_77,peru,canada,0,3600.02,2,1,2.0354,1.4348,21,14,1,1
game_770,serbia,thailand,0,3599.99,5,3,2.955,3.507,31,30,1,2
game_771,india,philippines,1,5508.95,3,4,3.8184,3.5682,42,33,0,-1
game_772,kazakhstan,oman,0,3600.0099999999998,0,1,2.3177,2.2207,22,19,0,-1
game_773,morocco,indonesia,1,5319.01,2,3,2.8825,2.753,24,35,0,-1
game_774,singapore,ethiopia,0,3600.01,4,7,3.6106,2.8799,27,27,0,-3
game_775,new_zealand,south_korea,0,3599.99,6,5,2.5781,4.0871,24,37,1,1
game_776,france,vietnam,0,3600.0,3,2,5.1015999999999995,1.8258,33,16,1,1
game_777,uae,mongolia,0,3600.01,0,1,3.0841,1.7121,28,20,0,-1
game_778,germany,panama,0,3599.98,7,3,3.1995,2.3964,27,21,1,4
game_779,netherlands,canada,0,3600.02,6,2,3.2975,2.4326000000000003,28,22,1,4
game_78,rwanda,uae,0,3600.01,3,2,2.6279,2.0807,28,20,1,1
game_780,brazil,iceland,0,3600.01,8,0,5.513999999999999,0.5651,42,8,1,8
game_781,thailand,rwanda,0,3600.0099999999998,2,1,1.7168,1.806,15,19,1,1
game_782,oman,usa,0,3599.98,5,3,4.4731000000000005,3.4273,34,28,1,2
game_783,mongolia,philippines,1,3990.25,1,2,1.5090999999999999,3.4912,17,36,0,-1
game_784,pakistan,singapore,0,3600.0,2,0,3.908,2.5459,33,22,1,2
game_785,china,guatemala,0,3599.99,3,0,3.0782,1.7144,28,20,1,3
game_786,indonesia,panama,1,3862.4700000000003,2,1,2.4142,2.608,22,22,1,1
game_787,iceland,peru,1,4885.84,6,5,4.3378,3.3603,39,37,1,1
game_788,germany,serbia,0,3600.01,2,5,3.669,2.5412,33,25,0,-3
game_789,mexico,switzerland,0,3600.02,3,6,2.1758,2.3634,22,23,0,-3
game_79,oman,china,1,3747.88,5,4,3.6321,2.0905,33,19,1,1
game_790,canada,kazakhstan,0,3600.0,4,1,3.865,1.682,27,14,1,3
game_791,uk,france,0,3600.0,2,1,1.7785,2.9406,14,25,1,1
game_792,morocco,uae,0,3600.02,0,4,1.5499,3.67,15,38,0,-4
game_793,new_zealand,ethiopia,0,3599.96,4,2,3.8055,1.3914,30,15,1,2
game_794,saudi_arabia,vietnam,1,3947.69,4,3,2.7808,3.0455,23,31,1,1
game_795,south_korea,netherlands,0,3600.0,2,7,2.8756,2.903,27,26,0,-5
game_796,rwanda,guatemala,0,3600.01,1,2,2.0141,2.2264,23,23,0,-1
game_797,mongolia,serbia,0,3600.0,2,0,1.3989,3.3718,17,30,1,2
game_798,saudi_arabia,philippines,0,3600.01,3,2,2.8243,1.748,24,20,1,1
game_799,thailand,panama,0,3599.9700000000003,3,0,3.7393,2.5473,29,26,1,3
game_8,china,singapore,0,3600.02,3,4,3.2329,2.7965,28,27,0,-1
game_80,philippines,saudi_arabia,1,5437.07,1,2,3.0126,2.6724,30,24,0,-1
game_800,ethiopia,morocco,0,3600.0,6,4,3.6764,4.7382,35,45,1,2
game_801,china,indonesia,1,3800.0099999999998,4,3,2.8122,2.704,23,34,1,1
game_802,india,new_zealand,0,3599.98,4,3,3.0976,2.0903,25,21,1,1
game_803,south_korea,pakistan,0,3599.99,3,1,3.5067000000000004,2.7544,31,23,1,2
game_804,switzerland,peru,0,3600.0,1,3,1.0268,2.2523,13,26,0,-2
game_805,uk,oman,0,3599.99,2,3,4.8595,3.1031,34,25,0,-1
game_806,france,germany,0,3599.99,2,3,3.2045,2.6824,25,24,0,-1
game_807,usa,kazakhstan,0,3599.9900000000002,5,1,2.7857000000000003,2.5308,23,23,1,4
game_808,canada,brazil,0,3599.99,0,4,2.3635,3.5254,25,26,0,-4
game_809,iceland,vietnam,0,3600.0,1,2,2.9972999999999996,2.1307,22,21,0,-1
game_81,serbia,ethiopia,0,3600.02,4,3,2.4779,3.077,21,26,1,1
game_810,mexico,singapore,0,3599.9900000000002,3,4,4.4604,2.6647,31,22,0,-1
game_811,netherlands,uae,0,3600.01,2,0,2.5116,2.8615,26,32,1,2
game_812,thailand,singapore,0,3599.98,2,7,3.465,3.9341999999999997,28,31,0,-5
game_813,ethiopia,serbia,0,3600.02,3,4,4.8349,3.5224,36,36,0,-1
game_814,saudi_arabia,philippines,0,3600.01,1,2,3.0806,1.8221,23,19,0,-1
game_815,usa,france,0,3599.99,3,4,3.1607000000000003,3.1835,24,30,0,-1
game_816,peru,india,1,5376.91,1,2,2.7498,4.9612,29,49,0,-1
game_817,south_korea,germany,0,3600.0,6,1,3.6563,1.8164,33,17,1,5
game_818,kazakhstan,uae,1,3616.12,3,2,1.8359,2.1355999999999997,22,18,1,1
game_819,indonesia,iceland,0,3600.01,1,2,2.2208,1.7971,22,16,0,-1
game_82,india,panama,0,3600.0,5,1,3.7183,1.628,33,19,1,4
game_820,switzerland,rwanda,0,3599.99,1,0,1.4919,3.4107,14,32,1,1
game_821,canada,pakistan,0,3600.0,4,1,3.8896,3.633,30,30,1,3
game_822,uk,china,0,3599.98,3,2,2.8324,3.0324,23,26,1,1
game_823,new_zealand,panama,0,3600.0099999999998,0,2,2.7580999999999998,2.8912999999999998,23,26,0,-2
game_824,vietnam,guatemala,0,3600.01,2,3,3.1336,1.9435,32,18,0,-1
game_825,morocco,netherlands,0,3600.0,0,2,2.1599,2.4356,24,24,0,-2
game_826,mongolia,brazil,0,3600.0,2,0,1.2823,4.6061,17,35,1,2
game_827,south_korea,thailand,0,3600.0099999999998,4,5,2.0091,5.0622,23,35,0,-1
game_828,uk,morocco,1,4693.57,3,4,4.0728,3.4008000000000003,40,30,0,-1
game_829,china,rwanda,0,3599.99,3,4,2.7374,2.0557,25,25,0,-1
game_83,pakistan,switzerland,0,3599.99,2,1,3.6781,2.1224,30,24,1,1
game_830,new_zealand,mongolia,0,3600.0,3,0,2.51,1.3809,19,17,1,3
game_831,pakistan,usa,0,3599.98,7,1,5.7939,1.6213,42,16,1,6
game_832,vietnam,saudi_arabia,1,3990.75,2,3,2.9167,3.5058,28,29,0,-1
game_833,oman,peru,0,3600.02,1,5,2.444,3.747,25,27,0,-4
game_834,mexico,ethiopia,0,3599.98,5,3,2.6978,2.9167,27,31,1,2
game_835,indonesia,kazakhstan,0,3600.0299999999997,3,1,2.3411,2.3495,20,24,1,2
game_836,panama,iceland,0,3599.98,2,1,2.4765,1.8935,21,18,1,1
game_837,singapore,serbia,0,3599.99,1,3,2.0827,3.8814,21,29,0,-2
game_838,france,switzerland,0,3600.0,2,3,2.0327,2.1766,19,23,0,-1
game_839,guatemala,uae,0,3600.01,0,1,2.9425,1.2919,24,20,0,-1
game_84,morocco,kazakhstan,0,3600.0,1,4,3.2091000000000003,2.8609,27,24,0,-3
game_840,canada,india,0,3600.0,0,3,1.9556,2.7071,17,25,0,-3
game_841,philippines,brazil,0,3599.9900000000002,2,3,3.8844999999999996,2.2004,34,20,0,-1
game_842,netherlands,germany,0,3599.9900000000002,3,1,3.6208,2.8981000000000003,28,24,1,2
game_843,usa,china,0,3600.0,2,1,3.1759,4.2211,25,34,1,1
game_844,saudi_arabia,thailand,0,3600.0,2,0,1.7490999999999999,4.2356,19,35,1,2
game_845,kazakhstan,pakistan,0,3600.0,2,3,2.6546000000000003,3.7258999999999998,23,31,0,-1
game_846,peru,singapore,0,3600.03,2,1,2.3776,3.2274,24,22,1,1
game_847,germany,panama,0,3600.0,2,3,3.1,2.416,25,21,0,-1
game_848,indonesia,morocco,1,4789.9800000000005,2,1,4.1171,2.8529,43,30,1,1
game_849,india,guatemala,0,3600.0,7,0,3.4584,2.5450999999999997,35,28,1,7
game_85,usa,uk,1,4391.51,2,1,4.1215,3.0697,33,27,1,1
game_850,mongolia,rwanda,0,3599.99,2,3,2.9347,1.81,26,19,0,-1
game_851,new_zealand,mexico,0,3600.0,3,1,1.55,2.751,15,21,1,2
game_852,france,ethiopia,0,3600.01,4,3,3.4199,2.3181000000000003,31,22,1,1
game_853,oman,vietnam,0,3599.98,6,2,3.5255,3.3817,27,26,1,4
game_854,serbia,canada,0,3599.97,2,0,3.1951,2.0147,30,22,1,2
game_855,iceland,philippines,0,3600.0099999999998,2,1,3.373,1.5979,28,18,1,1
game_856,switzerland,uae,0,3600.0,4,2,1.9747,2.2233,25,21,1,2
game_857,brazil,south_korea,0,3600.0,4,2,3.6497,2.1219,26,25,1,2
game_858,saudi_arabia,germany,0,3599.99,2,5,2.2473,2.6275,18,25,0,-3
game_859,morocco,uae,0,3600.0,2,3,5.3136,1.6939,49,21,0,-1
game_86,indonesia,iceland,0,3600.0,3,1,2.473,2.4622,25,22,1,2
game_860,uk,serbia,0,3600.02,8,3,6.1366,2.302,40,20,1,5
game_861,thailand,netherlands,0,3600.0,3,2,2.4822,2.4674,24,24,1,1
game_862,rwanda,new_zealand,1,3642.48,3,2,2.6924,2.1,23,18,1,1
game_863,pakistan,philippines,0,3600.0,3,0,1.9426,2.5841,18,24,1,3
game_864,oman,france,0,3600.01,2,1,3.5457,3.0933,29,26,1,1
game_865,singapore,usa,0,3600.0,2,3,2.8571,3.6705,26,32,0,-1
game_866,panama,indonesia,0,3599.98,4,1,2.8447,2.7661,26,25,1,3
game_867,mexico,south_korea,0,3599.9900000000002,1,3,3.4508,2.708,32,29,0,-2
game_868,guatemala,india,0,3600.0,4,3,3.0295,2.383,27,29,1,1
game_869,iceland,china,0,3600.0,1,2,2.4972000000000003,3.012,21,25,0,-1
game_87,south_korea,germany,0,3600.0099999999998,2,1,2.6077,2.9174,20,26,1,1
game_870,switzerland,brazil,0,3599.99,1,3,2.0236,2.5083,23,23,0,-2
game_871,kazakhstan,mongolia,0,3600.02,0,4,2.9253,3.6951,27,31,0,-4
game_872,ethiopia,vietnam,1,3634.36,4,3,2.9949,1.7962,25,18,1,1
game_873,india,pakistan,1,3728.35,4,3,2.5717999999999996,5.8885000000000005,25,47,1,1
game_874,saudi_arabia,china,0,3600.0099999999998,1,2,1.8176,1.7711,16,16,0,-1
game_875,peru,uk,0,3600.0099999999998,2,0,2.5335,2.2151,23,20,1,2
game_876,iceland,morocco,0,3599.98,4,3,2.0823,2.0201,23,22,1,1
game_877,serbia,canada,0,3599.99,3,0,2.8027,2.7091,22,28,1,3
game_878,kazakhstan,germany,1,3989.96,3,4,2.6103,2.0100000000000002,23,17,0,-1
game_879,rwanda,oman,0,3599.99,3,1,3.6111,2.1962,32,21,1,2
game_88,mexico,mongolia,0,3600.02,3,2,3.7579,1.9511,32,23,1,1
game_880,south_korea,usa,1,3973.87,2,3,3.9814,3.6302,35,29,0,-1
game_881,guatemala,new_zealand,1,3811.07,5,6,4.4301,2.5315,32,31,0,-1
game_882,panama,mexico,0,3599.99,2,3,3.9619,3.2837,35,25,0,-1
game_883,brazil,philippines,1,4060.79,3,2,3.7342,3.3356999999999997,27,35,1,1
game_884,vietnam,ethiopia,1,3603.12,0,1,2.3203,2.6974,22,24,0,-1
game_885,uae,switzerland,1,3983.77,1,2,3.1114,2.1396,31,25,0,-1
game_886,indonesia,netherlands,0,3599.99,5,3,2.9732,3.3346,31,28,1,2
game_887,france,singapore,0,3599.99,2,3,3.3266999999999998,2.9067,27,23,0,-1
game_888,mongolia,thailand,0,3600.0,1,4,1.2278,3.1867,15,27,0,-3
game_889,saudi_arabia,rwanda,0,3599.98,2,3,2.7219,2.9493,22,28,0,-1
game_89,guatemala,thailand,0,3600.0,3,6,2.9314999999999998,4.4458,28,37,0,-3
game_890,thailand,uae,0,3600.0,8,2,5.4049,1.8963999999999999,37,20,1,6
game_891,usa,panama,1,4364.38,4,3,3.2987,3.6516,29,34,1,1
game_892,oman,new_zealand,1,3749.74,4,5,3.2493,3.1324,26,25,0,-1
game_893,germany,serbia,0,3600.0,4,5,3.9779999999999998,3.4021,32,27,0,-1
game_894,morocco,peru,0,3599.99,1,6,2.5317000000000003,2.3767,27,32,0,-5
game_895,singapore,pakistan,0,3599.98,3,6,2.4403,3.3308999999999997,21,29,0,-3
game_896,indonesia,india,0,3599.9700000000003,4,1,2.5719,2.8245999999999998,26,32,1,3
game_897,kazakhstan,guatemala,0,3600.0,1,5,1.3452,3.6878,21,34,0,-4
game_898,china,switzerland,0,3600.01,4,0,3.6063,1.1465,33,13,1,4
game_899,mexico,philippines,1,4202.02,3,4,3.603,1.8762999999999999,33,17,0,-1
game_9,ethiopia,netherlands,0,3600.02,3,1,2.3194999999999997,2.0778,24,21,1,2
game_90,canada,vietnam,0,3599.99,4,0,2.8871,1.0903,23,12,1,4
game_900,mongolia,iceland,0,3600.02,2,3,3.3138,3.0392,36,25,0,-1
game_901,vietnam,france,0,3600.0,4,3,2.6830000000000003,2.5049,23,19,1,1
game_902,netherlands,uk,0,3600.02,1,0,1.4183000000000001,2.0525,13,20,1,1
game_903,brazil,canada,0,3600.0,5,3,3.3882,2.1817,28,23,1,2
game_904,south_korea,ethiopia,1,3752.7000000000003,5,4,3.0051,3.4455,31,32,1,1
game_905,uk,india,0,3599.99,8,3,4.2677,2.5987999999999998,34,26,1,5
game_906,panama,saudi_arabia,0,3599.98,3,4,4.1528,3.834,30,31,0,-1
game_907,china,morocco,0,3600.0,6,1,4.4168,1.7969,41,21,1,5
game_908,germany,canada,0,3600.0,1,4,2.5235,2.526,23,25,0,-3
game_909,serbia,indonesia,0,3599.99,3,5,2.5208,2.9625,20,33,0,-2
game_91,singapore,brazil,0,3600.0099999999998,2,5,2.1128,4.6209999999999996,25,32,0,-3
game_910,singapore,new_zealand,0,3600.0299999999997,3,1,2.0721,3.1022,18,28,1,2
game_911,kazakhstan,peru,0,3600.0099999999998,2,6,1.7119,3.4367,18,28,0,-4
game_912,philippines,south_korea,0,3599.97,4,0,2.0476,3.0587,21,26,1,4
game_913,iceland,rwanda,1,4264.82,6,7,5.1684,3.9753,44,41,0,-1
game_914,mongolia,thailand,1,5018.64,4,5,2.5089,4.5016,27,39,0,-1
game_915,ethiopia,switzerland,1,3943.86,5,4,1.6962,3.4667,19,32,1,1
game_916,oman,netherlands,1,5770.6900000000005,5,4,4.5706999999999995,5.2163,37,43,1,1
game_917,guatemala,mexico,0,3600.0,2,4,3.2978,3.2526,35,32,0,-2
game_918,pakistan,vietnam,0,3600.0,2,1,2.9072,2.4657999999999998,24,23,1,1
game_919,usa,brazil,0,3599.99,5,2,2.1725,2.3741,20,20,1,3
game_92,new_zealand,netherlands,0,3600.0,3,5,2.1757,2.3286,23,21,0,-2
game_920,uae,france,1,3841.68,3,4,2.3526,3.0961,22,28,0,-1
game_921,usa,china,0,3600.0,2,9,2.6222,3.5189,27,29,0,-7
game_922,pakistan,ethiopia,0,3599.99,1,2,2.803,2.8329,24,24,0,-1
game_923,saudi_arabia,guatemala,1,3958.57,0,1,2.2762000000000002,2.2143,22,21,0,-1
game_924,south_korea,peru,0,3599.99,5,4,2.8503,3.0094,27,28,1,1
game_925,rwanda,kazakhstan,0,3599.99,8,3,3.606,3.3668,27,27,1,5
game_926,mongolia,india,0,3599.99,1,0,1.332,2.0798,16,20,1,1
game_927,indonesia,uae,0,3600.02,5,1,2.2849,2.0766,28,22,1,4
game_928,morocco,switzerland,0,3599.98,2,1,1.5887,1.9606,16,24,1,1
game_929,thailand,mexico,0,3599.9900000000002,4,3,2.5609,1.7067999999999999,21,20,1,1
game_93,peru,france,0,3600.0099999999998,4,0,2.8289,1.4355,24,15,1,4
game_930,oman,uk,0,3600.0,3,1,3.1128,3.1797,27,24,1,2
game_931,panama,vietnam,0,3599.98,6,1,4.0606,2.0166999999999997,29,19,1,5
game_932,new_zealand,canada,0,3599.97,4,3,3.2265,2.8192,24,20,1,1
game_933,philippines,serbia,1,3986.7,1,2,2.6524,3.5952,31,37,0,-1
game_934,germany,france,0,3600.01,5,3,3.1249000000000002,4.4378,26,32,1,2
game_935,netherlands,brazil,0,3599.99,3,0,2.2875,1.7504,18,18,1,3
game_936,iceland,singapore,0,3599.9900000000002,3,5,3.4948,2.4371,28,24,0,-2
game_937,iceland,thailand,1,3602.46,4,3,2.0076,4.4952,19,34,1,1
game_938,morocco,canada,0,3600.0,2,1,1.8632,2.1975000000000002,19,25,1,1
game_939,rwanda,indonesia,0,3600.0,3,0,2.6261,0.8347,25,10,1,3
game_94,thailand,india,0,3600.02,3,2,3.4001,3.7453,26,34,1,1
game_940,france,mongolia,0,3600.0,4,3,4.4128,2.3889,34,22,1,1
game_941,peru,uae,0,3600.01,2,3,2.745,1.9653,27,21,0,-1
game_942,usa,new_zealand,1,3898.22,4,3,3.3974,3.7631,27,38,1,1
game_943,south_korea,saudi_arabia,1,3618.91,5,4,3.0061,2.4215,31,22,1,1
game_944,china,netherlands,0,3600.0,2,4,2.5529,2.4706,24,26,0,-2
game_945,pakistan,germany,1,4493.9800000000005,5,6,4.1249,3.4574,32,31,0,-1
game_946,oman,philippines,0,3600.0,2,3,2.2003,3.5448,21,32,0,-1
game_947,india,singapore,0,3600.0,4,1,4.178,2.6496,38,28,1,3
game_948,ethiopia,panama,0,3600.0,5,2,5.0293,2.639,37,26,1,3
game_949,serbia,brazil,0,3599.99,5,1,3.5271999999999997,5.0892,31,40,1,4
game_95,oman,singapore,0,3599.98,2,5,3.3641,2.8662,30,27,0,-3
game_950,vietnam,guatemala,1,3634.39,2,1,2.0696,3.6925999999999997,21,32,1,1
game_951,mexico,kazakhstan,0,3599.98,6,5,4.2219,1.6378,33,17,1,1
game_952,uk,switzerland,1,6014.1,4,3,5.4562,3.1004,50,34,1,1
game_953,thailand,peru,0,3600.0,4,2,2.634,2.138,21,23,1,2
game_954,saudi_arabia,usa,0,3600.01,7,2,3.1807,2.9406,27,24,1,5
game_955,morocco,mongolia,1,3798.44,4,3,3.44,2.3072,35,26,1,1
game_956,guatemala,rwanda,1,3611.82,2,3,2.7431,2.7619,19,33,0,-1
game_957,iceland,pakistan,0,3600.0099999999998,4,0,3.5791,2.1206,31,21,1,4
game_958,singapore,indonesia,0,3600.0099999999998,3,2,2.1456999999999997,2.9465,19,30,1,1
game_959,south_korea,germany,0,3600.0099999999998,7,4,3.2923999999999998,2.3912,29,21,1,3
game_96,usa,philippines,0,3600.02,3,2,2.8271,2.4896,27,24,1,1
game_960,china,kazakhstan,0,3600.0,2,4,2.5387,2.4513,21,25,0,-2
game_961,philippines,ethiopia,1,3773.9,3,4,2.8348,3.8341000000000003,29,32,0,-1
game_962,serbia,uae,0,3599.9900000000002,3,4,4.0852,4.4135,40,39,0,-1
game_963,canada,mexico,0,3599.98,5,4,3.3827000000000003,3.1069,32,32,1,1
game_964,netherlands,switzerland,0,3600.01,2,1,2.6582,1.9319,22,24,1,1
game_965,vietnam,new_zealand,0,3600.02,3,5,3.6411,2.6004,28,22,0,-2
game_966,oman,india,0,3599.9900000000002,7,2,2.8762,2.7872999999999997,26,23,1,5
game_967,france,brazil,0,3600.0,2,4,3.4059,2.8405,27,21,0,-2
game_968,uk,panama,0,3599.9900000000002,3,1,3.3489,2.8981,28,25,1,2
game_969,new_zealand,rwanda,0,3600.01,4,3,4.0677,3.6733000000000002,32,31,1,1
game_97,guatemala,mongolia,0,3600.0099999999998,4,0,4.551,1.7907,32,30,1,4
game_970,china,oman,0,3600.01,3,5,3.8595,2.6670000000000003,27,28,0,-2
game_971,ethiopia,germany,0,3600.0,2,1,3.0308,2.2756,24,20,1,1
game_972,philippines,morocco,0,3600.0,4,0,3.8845,1.6158000000000001,34,20,1,4
game_973,france,serbia,0,3600.0,5,2,2.7084,3.0881,24,27,1,3
game_974,pakistan,panama,0,3600.0,1,2,3.0540000000000003,2.7055,28,24,0,-1
game_975,netherlands,saudi_arabia,0,3600.0,0,2,2.2659000000000002,2.5106,23,24,0,-2
game_976,guatemala,indonesia,0,3600.01,1,2,3.0139,2.3937999999999997,28,34,0,-1
game_977,india,brazil,0,3599.99,2,0,2.3179,2.9224,25,23,1,2
game_978,usa,iceland,0,3599.99,2,3,4.1745,4.0319,37,33,0,-1
game_979,uk,south_korea,0,3599.9900000000002,6,2,3.9826,3.3681,30,27,1,4
game_98,pakistan,germany,1,3868.7799999999997,4,3,3.4774,3.3015,28,28,1,1
game_980,vietnam,canada,0,3599.99,7,3,3.0563000000000002,2.785,26,22,1,4
game_981,mongolia,mexico,0,3600.01,4,3,2.4731,5.0446,27,40,1,1
game_982,switzerland,peru,0,3600.01,1,5,2.1269,4.746,24,38,0,-4
game_983,singapore,uae,0,3600.02,3,2,2.6814,2.9932,24,27,1,1
game_984,kazakhstan,thailand,0,3599.98,2,3,1.4992,3.152,14,26,0,-1
game_985,india,iceland,0,3599.98,3,4,3.126,2.905,31,25,0,-1
game_986,morocco,panama,1,4093.04,3,2,4.8163,2.3527,44,22,1,1
game_987,saudi_arabia,serbia,0,3599.99,6,3,2.73,2.0404,25,22,1,3
game_988,mongolia,peru,1,3608.61,5,6,3.288,3.2641,30,28,0,-1
game_989,germany,ethiopia,0,3599.98,0,3,4.013,1.8960000000000001,33,18,0,-3
game_99,peru,indonesia,0,3600.0,5,1,3.4524,1.9008,30,22,1,4
game_990,usa,rwanda,0,3600.0,3,0,4.3715,2.4939,36,26,1,3
game_991,new_zealand,china,0,3599.98,2,3,3.0370999999999997,4.4074,29,35,0,-1
game_992,philippines,pakistan,0,3600.01,1,0,2.7576,2.4069,24,22,1,1
game_993,uk,singapore,1,3932.08,5,6,8.5078,2.697,48,24,0,-1
game_994,france,guatemala,0,3600.0,2,4,2.6633,2.1565,28,21,0,-2
game_995,vietnam,mexico,1,3919.98,4,3,2.971,2.8999,30,23,1,1
game_996,kazakhstan,indonesia,0,3600.0,0,5,1.2391,3.3882000000000003,12,31,0,-5
game_997,canada,south_korea,0,3600.01,3,5,2.0455,3.6745,22,34,0,-2
game_998,switzerland,uae,0,3600.0,4,2,3.2982,2.2124,35,21,1,2
game_999,oman,thailand,0,3600.01,2,3,2.79,3.4265000000000003,29,24,0,-1
